rule,initial_density,run,seed,mean_density,final_density,activity,growth,entropy,normalized_lifespan,recurrence,component_count,extinct,extinction_generation
B126/S35678,0.1,0,25260925,0.8183567880794701,0.956875,0.0980125,0.5171676760195189,0.5559317197285419,1.0,1.0,22.6,False,
B126/S35678,0.1,1,25260926,0.7882201986754964,0.974375,0.12594583333333334,0.6262846375043568,0.5789691355108002,1.0,1.0,23.4,False,
B126/S35678,0.1,2,25260927,0.8383485099337751,0.949375,0.07959166666666667,0.48199427065179495,0.5041897428337824,1.0,1.0,21.0,False,
B126/S35678,0.1,3,25260928,0.8273841059602652,0.96125,0.09332499999999999,0.5430853520390376,0.5102419108535554,1.0,1.0,21.6,False,
B126/S35678,0.1,4,25260929,0.8106043046357614,0.956875,0.1029375,0.5556911162425934,0.5550056939166105,1.0,1.0,23.6,False,
B126/S35678,0.1,5,25260930,0.8419205298013247,0.9525,0.07897916666666667,0.4822145128964801,0.4924409414179023,1.0,1.0,21.4,False,
B126/S35678,0.1,6,25260931,0.8143046357615894,0.95125,0.09854166666666667,0.5379449503311257,0.5530331446866582,1.0,1.0,22.4,False,
B126/S35678,0.1,7,25260932,0.7795653973509935,0.949375,0.12605416666666666,0.5732735709306377,0.6270525437086033,1.0,1.0,23.8,False,
B126/S35678,0.1,8,25260933,0.8048509933774833,0.955,0.1060375,0.5725657894736836,0.5614880544213023,1.0,1.0,23.0,False,
B126/S35678,0.1,9,25260934,0.8400538079470199,0.96625,0.087475,0.5337724381317526,0.4707227477541919,1.0,1.0,22.2,False,
B12/S35678,0.1,0,25260925,0.41094370860927154,0.425,0.39622500000000005,0.00445614761240817,0.9737010238731587,1.0,0.6699999999999999,43.6,False,
B12/S35678,0.1,1,25260926,0.4116970198675497,0.40375,0.397725,0.020944906761937568,0.974392539177733,1.0,0.6756249999999999,49.6,False,
B12/S35678,0.1,2,25260927,0.4099296357615894,0.42125,0.39934583333333334,0.013705014813523594,0.972954617610449,1.0,0.684375,42.4,False,
B12/S35678,0.1,3,25260928,0.40848923841059603,0.41625,0.399425,0.010676520564656492,0.9726971102702072,1.0,0.6625,41.8,False,
B12/S35678,0.1,4,25260929,0.409805463576159,0.436875,0.3990208333333334,0.0062808252004178345,0.973101631307319,1.0,0.701875,43.0,False,
B12/S35678,0.1,5,25260930,0.4096895695364238,0.4075,0.3977875,0.0163302762286507,0.9730887661679233,1.0,0.688125,47.6,False,
B12/S35678,0.1,6,25260931,0.4105836092715232,0.41875,0.3995083333333333,0.0057102866852559225,0.9737886310220739,1.0,0.708125,44.0,False,
B12/S35678,0.1,7,25260932,0.408841059602649,0.413125,0.4000625,0.007452618508190541,0.972666978336384,1.0,0.6856249999999999,44.0,False,
B12/S35678,0.1,8,25260933,0.4105836092715232,0.376875,0.3978416666666667,0.011651598989194933,0.973711769648062,1.0,0.6993750000000001,46.4,False,
B12/S35678,0.1,9,25260934,0.41025248344370857,0.39,0.39885,0.00473684210526287,0.973689787825415,1.0,0.70375,46.2,False,
B126/S35678,0.2,0,25261025,0.7478932119205297,0.955,0.14971250000000003,0.5845523265946319,0.6922868800016244,1.0,1.0,25.0,False,
B126/S35678,0.2,1,25261026,0.823112582781457,0.951875,0.09374166666666667,0.505245512373649,0.5467411446772784,1.0,1.0,27.4,False,
B126/S35678,0.2,2,25261027,0.8095943708609269,0.9575,0.1049625,0.5750374695015686,0.5443513939589343,1.0,1.0,24.6,False,
B126/S35678,0.2,3,25261028,0.8336920529801326,0.963125,0.09025416666666665,0.5158191007319621,0.5091453872228607,1.0,1.0,23.6,False,
B126/S35678,0.2,4,25261029,0.7797185430463575,0.9525,0.12706249999999997,0.601110687521785,0.6119671820993225,1.0,1.0,26.6,False,
B126/S35678,0.2,5,25261030,0.8410637417218543,0.968125,0.087475,0.4893488584872779,0.5039403564511294,1.0,1.0,28.6,False,
B126/S35678,0.2,6,25261031,0.8273302980132446,0.959375,0.09331666666666669,0.5062519606134539,0.5357363632406061,1.0,1.0,25.8,False,
B126/S35678,0.2,7,25261032,0.816026490066225,0.95625,0.10035833333333334,0.5512875784245382,0.540256687477606,1.0,1.0,25.4,False,
B126/S35678,0.2,8,25261033,0.8281870860927154,0.949375,0.08785833333333333,0.5071999172185429,0.5250133804280905,1.0,1.0,25.2,False,
B126/S35678,0.2,9,25261034,0.800273178807947,0.953125,0.11109166666666667,0.5673704905890556,0.575474119460275,1.0,1.0,22.2,False,
B12/S35678,0.2,0,25261025,0.41311672185430465,0.40375,0.3982791666666667,0.0004195712791908989,0.9762059779778797,1.0,0.7125,47.0,False,
B12/S35678,0.2,1,25261026,0.4127235099337748,0.400625,0.39705,0.003787905193447051,0.9758233604472829,1.0,0.735625,48.4,False,
B12/S35678,0.2,2,25261027,0.41165149006622515,0.4225,0.3981041666666667,0.005435474032763891,0.9752763889630263,1.0,0.745625,48.2,False,
B12/S35678,0.2,3,25261028,0.41131208609271525,0.414375,0.3982458333333333,0.00192957040780739,0.9750748297477322,1.0,0.76125,47.8,False,
B12/S35678,0.2,4,25261029,0.4112996688741722,0.380625,0.39827499999999993,0.004658090798187395,0.9752093720120424,1.0,0.73875,46.8,False,
B12/S35678,0.2,5,25261030,0.41024834437086094,0.39125,0.4006625,-2.1566747995930528e-05,0.9744366437992495,1.0,0.736875,60.2,False,
B12/S35678,0.2,6,25261031,0.4105629139072848,0.428125,0.3999416666666667,0.007277797141860687,0.9746302287918054,1.0,0.7324999999999999,47.0,False,
B12/S35678,0.2,7,25261032,0.4129759933774834,0.4225,0.39825,0.00275139421401166,0.976036565412789,1.0,0.7418750000000001,48.6,False,
B12/S35678,0.2,8,25261033,0.41090231788079473,0.428125,0.39712500000000006,0.00250533722551364,0.9749397285275977,1.0,0.765625,46.8,False,
B12/S35678,0.2,9,25261034,0.4112127483443709,0.410625,0.3982916666666667,0.004319558208434693,0.975210634869253,1.0,0.735625,43.2,False,
B126/S35678,0.3,0,25261125,0.7744453642384103,0.941875,0.12547083333333336,0.6003607528755665,0.6227841401952717,1.0,1.0,22.8,False,
B126/S35678,0.3,1,25261126,0.8521440397350996,0.964375,0.077125,0.48499989107703,0.46073034185966477,1.0,1.0,19.0,False,
B126/S35678,0.3,2,25261127,0.8223882450331128,0.946875,0.09087916666666668,0.4889211179853604,0.5582952565797795,1.0,1.0,20.2,False,
B126/S35678,0.3,3,25261128,0.823961092715232,0.96125,0.09759166666666667,0.52354816573719,0.5382799209432948,1.0,1.0,17.4,False,
B126/S35678,0.3,4,25261129,0.8081332781456958,0.9625,0.1088875,0.5742084567793657,0.5549525232100163,1.0,1.0,17.2,False,
B126/S35678,0.3,5,25261130,0.7996812913907287,0.9625,0.11568333333333335,0.6028216495294525,0.5606778052028364,1.0,1.0,18.0,False,
B126/S35678,0.3,6,25261131,0.823042218543046,0.9425,0.088875,0.47232877309166954,0.5635892818244896,1.0,1.0,22.2,False,
B126/S35678,0.3,7,25261132,0.8313327814569534,0.955625,0.08945416666666665,0.5088893124782151,0.5190394917588645,1.0,1.0,17.8,False,
B126/S35678,0.3,8,25261133,0.8462624172185432,0.965625,0.08400416666666667,0.49920976385500104,0.47590903598940587,1.0,1.0,17.8,False,
B126/S35678,0.3,9,25261134,0.820653973509934,0.96375,0.1013,0.567419832694318,0.5182104336707493,1.0,1.0,18.4,False,
B12/S35678,0.3,0,25261125,0.4106663907284768,0.399375,0.3980375,0.002264181770651542,0.9758350351778634,1.0,0.659375,41.2,False,
B12/S35678,0.3,1,25261126,0.41271937086092714,0.415625,0.39589166666666664,-0.0007567967933080627,0.9767829299777074,1.0,0.6599999999999999,38.8,False,
B12/S35678,0.3,2,25261127,0.4128062913907285,0.405,0.39680000000000004,-0.006374281108400576,0.9766091057079838,1.0,0.67125,48.4,False,
B12/S35678,0.3,3,25261128,0.41217301324503314,0.41,0.39869166666666667,0.00594196584175653,0.9766376875038626,1.0,0.663125,41.2,False,
B12/S35678,0.3,4,25261129,0.41139486754966886,0.409375,0.3979833333333333,0.00231123649355164,0.976240732845289,1.0,0.6581250000000001,41.4,False,
B12/S35678,0.3,5,25261130,0.4106953642384106,0.41125,0.3994166666666667,0.00677489979086737,0.9757968958758194,1.0,0.6625,41.2,False,
B12/S35678,0.3,6,25261131,0.41164735099337746,0.429375,0.39821249999999997,-0.0006499433600562818,0.9762810202316143,1.0,0.671875,51.8,False,
B12/S35678,0.3,7,25261132,0.41200331125827816,0.3775,0.39769166666666667,-0.0036457607180207592,0.9764945834067421,1.0,0.674375,40.4,False,
B12/S35678,0.3,8,25261133,0.4108774834437086,0.429375,0.39880416666666674,0.004326420355524546,0.975763478780225,1.0,0.6575,34.2,False,
B12/S35678,0.3,9,25261134,0.4105877483443709,0.3975,0.39836666666666665,-0.004892384105960578,0.9756512997591967,1.0,0.665,38.0,False,
B126/S35678,0.4,0,25261225,0.8341059602649008,0.96625,0.09170416666666666,0.5238621906587656,0.5053716251081676,1.0,1.0,7.4,False,
B126/S35678,0.4,1,25261226,0.8044660596026487,0.975625,0.11592916666666668,0.5901479173928191,0.5582951809215845,1.0,1.0,6.8,False,
B126/S35678,0.4,2,25261227,0.8044577814569538,0.965,0.11185416666666664,0.5798612321366323,0.5626581097475077,1.0,1.0,5.4,False,
B126/S35678,0.4,3,25261228,0.7977317880794705,0.961875,0.1158375,0.5949357354478905,0.571560041125831,1.0,1.0,7.0,False,
B126/S35678,0.4,4,25261229,0.8021399006622515,0.954375,0.11104166666666665,0.5642965754618328,0.5763762425395665,1.0,1.0,7.0,False,
B126/S35678,0.4,5,25261230,0.7871854304635758,0.960625,0.12259999999999999,0.5731820756361092,0.6125357746153682,1.0,1.0,8.0,False,
B126/S35678,0.4,6,25261231,0.8042094370860925,0.945,0.10414583333333333,0.5504651010805158,0.5748113899247838,1.0,1.0,7.6,False,
B126/S35678,0.4,7,25261232,0.7999917218543046,0.95625,0.11345000000000001,0.5686847551411641,0.5814083707737071,1.0,1.0,8.6,False,
B126/S35678,0.4,8,25261233,0.8228642384105959,0.95875,0.09733333333333333,0.5440388637155799,0.5251479254980544,1.0,1.0,9.2,False,
B126/S35678,0.4,9,25261234,0.7965645695364235,0.96,0.11619583333333333,0.569849686301847,0.5912051422546488,1.0,1.0,6.6,False,
B12/S35678,0.4,0,25261225,0.41141556291390735,0.3825,0.3974291666666666,0.003405258800975992,0.9763805211379344,1.0,0.669375,34.4,False,
B12/S35678,0.4,1,25261226,0.41028973509933775,0.42125,0.3964583333333333,-0.0005535465318929256,0.9759335176696419,1.0,0.6581250000000001,23.4,False,
B12/S35678,0.4,2,25261227,0.4119619205298013,0.41875,0.3958125,-0.0006182467758803422,0.9766311010822751,1.0,0.656875,25.2,False,
B12/S35678,0.4,3,25261228,0.41227235099337745,0.40875,0.3977666666666667,0.0012936781108398546,0.9770512811862475,1.0,0.65,27.8,False,
B12/S35678,0.4,4,25261229,0.41151903973509946,0.418125,0.3983166666666667,-0.0013286423841063876,0.9764646293934596,1.0,0.6625,26.4,False,
B12/S35678,0.4,5,25261230,0.4130546357615894,0.424375,0.39686666666666665,0.006037382363193077,0.9772897183031908,1.0,0.6675,33.0,False,
B12/S35678,0.4,6,25261231,0.4111879139072848,0.419375,0.39701666666666663,-0.00250533722551439,0.9763817553755996,1.0,0.666875,27.8,False,
B12/S35678,0.4,7,25261232,0.410716059602649,0.423125,0.3976541666666667,0.0017462530498427305,0.9761538768037277,1.0,0.655625,29.4,False,
B12/S35678,0.4,8,25261233,0.41008278145695365,0.424375,0.40019583333333336,0.0010698414081562213,0.9758208936355761,1.0,0.6775,28.4,False,
B12/S35678,0.4,9,25261234,0.41225993377483444,0.37625,0.3980708333333333,-0.0010597115719768997,0.9768339279958106,1.0,0.651875,29.8,False,
B126/S35678,0.5,0,25261325,0.8331001655629141,0.965,0.09222083333333332,0.5248150487974896,0.5070821561551712,1.0,1.0,3.4,False,
B126/S35678,0.5,1,25261326,0.8029884105960261,0.96,0.11065833333333333,0.5816832955733702,0.5601333369283809,1.0,1.0,4.2,False,
B126/S35678,0.5,2,25261327,0.8255049668874175,0.965625,0.09682500000000001,0.541721091843848,0.5209868274799191,1.0,1.0,4.6,False,
B126/S35678,0.5,3,25261328,0.7776158940397354,0.9625,0.12984166666666666,0.6033163776577201,0.620856961854874,1.0,1.0,3.6,False,
B126/S35678,0.5,4,25261329,0.8022102649006624,0.95,0.1071125,0.5594884977344015,0.5770112616795352,1.0,1.0,5.0,False,
B126/S35678,0.5,5,25261330,0.856365894039735,0.9575,0.07168333333333334,0.43696976298361767,0.47516627997916777,1.0,1.0,1.2,False,
B126/S35678,0.5,6,25261331,0.7927690397350992,0.958125,0.11765833333333334,0.5900175365981178,0.5850781928375417,1.0,1.0,4.6,False,
B126/S35678,0.5,7,25261332,0.8215314569536426,0.948125,0.09221666666666667,0.5020752004182639,0.5528006240694752,1.0,1.0,3.4,False,
B126/S35678,0.5,8,25261333,0.7900662251655631,0.963125,0.12107083333333334,0.5736290955036595,0.6065237216018329,1.0,1.0,3.2,False,
B126/S35678,0.5,9,25261334,0.8173509933774835,0.966875,0.10491249999999999,0.5583467671662605,0.5366685865888782,1.0,1.0,4.0,False,
B12/S35678,0.5,0,25261325,0.41288493377483443,0.4175,0.3958125,0.0011414037992330533,0.976899365106144,1.0,0.7175,24.2,False,
B12/S35678,0.5,1,25261326,0.4123427152317881,0.413125,0.3972875,-0.004576398570931053,0.9768622636489689,1.0,0.6975,27.0,False,
B12/S35678,0.5,2,25261327,0.4118501655629139,0.439375,0.3987583333333333,-0.009546226908331132,0.9764629842984335,1.0,0.7275,27.2,False,
B12/S35678,0.5,3,25261328,0.4138451986754967,0.42875,0.39692500000000003,-0.00219686737539255,0.9775712830850594,1.0,0.7168749999999999,27.0,False,
B12/S35678,0.5,4,25261329,0.41221854304635763,0.421875,0.3968,-0.006183774834437147,0.9766215131948216,1.0,0.698125,20.4,False,
B12/S35678,0.5,5,25261330,0.4116225165562914,0.4075,0.3985416666666667,-0.004706452596723843,0.9763628149445389,1.0,0.746875,20.4,False,
B12/S35678,0.5,6,25261331,0.41369619205298014,0.434375,0.3959916666666667,-0.007964992157546287,0.9773635140439451,1.0,0.7168749999999999,22.8,False,
B12/S35678,0.5,7,25261332,0.4102690397350993,0.404375,0.39965,-0.0040323283374003056,0.9757115982870673,1.0,0.733125,25.4,False,
B12/S35678,0.5,8,25261333,0.40915149006622514,0.418125,0.40100416666666666,-0.006529823109097845,0.9751949943087338,1.0,0.708125,23.2,False,
B12/S35678,0.5,9,25261334,0.41099337748344367,0.40125,0.39988333333333337,-0.004483922969676184,0.9760743705814204,1.0,0.694375,31.0,False,
