label,rule,initial_density,final_density_mean,final_density_std,activity_mean,recurrence_mean,component_count_mean,extinction_rate
Conway Life,B3/S23,0.01,0.0,0.0,7.125e-05,1.0,3.22,1.0
Conway Life,B3/S23,0.05,0.003875,0.005235761114149923,0.0030495833333333334,1.0,14.319999999999999,0.4
Conway Life,B3/S23,0.15,0.0673125,0.02984195929764368,0.06339,0.974375,39.260000000000005,0.0
Conway Life,B3/S23,0.3,0.07843750000000001,0.03629337682537805,0.10334583333333333,0.966625,34.56,0.0
Conway Life,B3/S23,0.5,0.076125,0.023625036743063727,0.09285916666666667,0.9696250000000001,18.04,0.0
Conway Life,B3/S23,0.9,0.0,0.0,0.0059775,1.0,0.2,1.0
HighLife,B36/S23,0.01,0.0,0.0,7.125e-05,1.0,3.22,1.0
HighLife,B36/S23,0.05,0.006,0.012587195875174106,0.003842916666666667,0.9998125,14.0,0.4
HighLife,B36/S23,0.15,0.082875,0.030249540859692767,0.06813125,0.9699375,37.22,0.0
HighLife,B36/S23,0.3,0.0865625,0.03408176697704768,0.13439083333333332,0.9426875000000001,35.32000000000001,0.0
HighLife,B36/S23,0.5,0.12075,0.02248996689884427,0.14447333333333334,0.93625,22.52,0.0
HighLife,B36/S23,0.9,0.005187499999999999,0.0032814980065004862,0.00624875,1.0,1.8,0.1
