label,rule,initial_density,replicate,seed,mean_density,final_density,activity,growth,entropy,normalized_lifespan,recurrence,component_count,extinct,extinction_generation
Conway Life,B3/S23,0.01,0,22260925,3.3112582781456954e-05,0.0,3.3333333333333335e-05,-0.0001960613454165222,0.00030075955187943115,0.006666666666666667,1.0,1.4,True,1.0
Conway Life,B3/S23,0.01,1,22260926,7.036423841059603e-05,0.0,7.083333333333334e-05,-0.00041663035901010975,0.0005623085484318957,0.006666666666666667,1.0,3.2,True,1.0
Conway Life,B3/S23,0.01,2,22260927,9.105960264900662e-05,0.0,9.583333333333334e-05,-0.0005388419309864084,0.0007179855680976825,0.013333333333333334,1.0,3.8,True,2.0
Conway Life,B3/S23,0.01,3,22260928,7.450331125827815e-05,0.0,7.5e-05,-0.000441138027187175,0.0005892079816955348,0.006666666666666667,1.0,3.4,True,1.0
Conway Life,B3/S23,0.01,4,22260929,6.622516556291391e-05,0.0,6.666666666666667e-05,-0.0003921226908330444,0.000535053880105372,0.006666666666666667,1.0,3.2,True,1.0
Conway Life,B3/S23,0.01,5,22260930,9.105960264900662e-05,0.0,9.166666666666667e-05,-0.0005391686998954361,0.0006936151357131684,0.006666666666666667,1.0,4.2,True,1.0
Conway Life,B3/S23,0.01,6,22260931,5.7947019867549676e-05,0.0,5.833333333333334e-05,-0.000343107354478914,0.00047938793205398733,0.006666666666666667,1.0,2.8,True,1.0
Conway Life,B3/S23,0.01,7,22260932,7.036423841059603e-05,0.0,7.083333333333334e-05,-0.00041663035901010975,0.0005623085484318957,0.006666666666666667,1.0,3.4,True,1.0
Conway Life,B3/S23,0.01,8,22260933,5.7947019867549676e-05,0.0,5.833333333333334e-05,-0.000343107354478914,0.00047938793205398733,0.006666666666666667,1.0,2.6,True,1.0
Conway Life,B3/S23,0.01,9,22260934,9.105960264900662e-05,0.0,9.166666666666667e-05,-0.0005391686998954361,0.0006936151357131684,0.006666666666666667,1.0,4.2,True,1.0
Conway Life,B3/S23,0.05,0,22261025,0.004060430463576159,0.00375,0.00042083333333333333,-0.0018380751132799024,0.03732170285511264,1.0,1.0,14.2,False,
Conway Life,B3/S23,0.05,1,22261026,0.005935430463576158,0.005625,0.0029083333333333335,-0.001837748344370871,0.05179949196328362,1.0,1.0,14.0,False,
Conway Life,B3/S23,0.05,2,22261027,0.02220612582781457,0.015625,0.011091666666666666,-0.018351341930986434,0.1503887547931931,1.0,1.0,15.4,False,
Conway Life,B3/S23,0.05,3,22261028,0.00035182119205298017,0.0,0.00037916666666666665,-0.002081191181596383,0.0021149460119579033,0.013333333333333334,1.0,13.6,True,2.0
Conway Life,B3/S23,0.05,4,22261029,0.00031456953642384106,0.0,0.00031666666666666665,-0.0018619292436389055,0.0018814932212507297,0.013333333333333334,1.0,13.4,True,2.0
Conway Life,B3/S23,0.05,5,22261030,0.0022185430463576156,0.001875,0.002875,-0.002031195538515171,0.021692732120491543,1.0,1.0,12.8,False,
Conway Life,B3/S23,0.05,6,22261031,0.0004925496688741723,0.0,0.0005375,-0.002902688218891608,0.0030610205331138645,0.03333333333333333,1.0,15.8,True,5.0
Conway Life,B3/S23,0.05,7,22261032,0.0022433774834437086,0.001875,0.0028583333333333334,-0.002170072324851874,0.021945058503209686,1.0,1.0,12.4,False,
Conway Life,B3/S23,0.05,8,22261033,0.016804635761589404,0.01,0.0087875,-0.019662992331822966,0.11868656542228882,1.0,1.0,19.2,False,
Conway Life,B3/S23,0.05,9,22261034,0.00031043046357615895,0.0,0.00032083333333333334,-0.0018367680376437856,0.0019020902255494718,0.013333333333333334,1.0,12.4,True,2.0
Conway Life,B3/S23,0.15,0,22261125,0.09390728476821192,0.080625,0.07426250000000001,-0.026332345765075035,0.44584328823636765,1.0,0.966875,39.6,False,
Conway Life,B3/S23,0.15,1,22261126,0.0870819536423841,0.05875,0.07114166666666667,-0.04698512112234242,0.42416387257547156,1.0,0.971875,40.6,False,
Conway Life,B3/S23,0.15,2,22261127,0.054528145695364245,0.041875,0.036845833333333335,-0.03416793743464631,0.3016792672717561,1.0,0.98875,33.2,False,
Conway Life,B3/S23,0.15,3,22261128,0.059466059602649,0.05625,0.03939583333333334,-0.012697259498082985,0.3237656051731742,1.0,0.991875,37.0,False,
Conway Life,B3/S23,0.15,4,22261129,0.07609685430463575,0.051875,0.057637499999999994,-0.06568087748344384,0.3835219546875556,1.0,0.97625,34.4,False,
Conway Life,B3/S23,0.15,5,22261130,0.07245860927152319,0.035,0.05802916666666667,-0.07014127309166966,0.367448951879327,1.0,0.976875,38.2,False,
Conway Life,B3/S23,0.15,6,22261131,0.09721026490066226,0.1075,0.07961666666666666,0.007016382014639165,0.4575636779884332,1.0,0.96,41.8,False,
Conway Life,B3/S23,0.15,7,22261132,0.12004966887417216,0.11875,0.092875,0.0023344370860925393,0.5271808010907985,1.0,0.9475,46.6,False,
Conway Life,B3/S23,0.15,8,22261133,0.06417632450331126,0.035,0.051679166666666665,-0.08286826856047415,0.33538014113204995,1.0,1.0,37.4,False,
Conway Life,B3/S23,0.15,9,22261134,0.0968294701986755,0.0875,0.07241666666666667,0.022410138550017392,0.4566066722172629,1.0,0.96375,43.8,False,
Conway Life,B3/S23,0.3,0,22261225,0.131067880794702,0.103125,0.10653333333333334,-0.10730862234227966,0.5499021086594447,1.0,0.96375,35.8,False,
Conway Life,B3/S23,0.3,1,22261226,0.09226407284768212,0.03375,0.06698333333333334,-0.18720950243987486,0.41159661858986013,1.0,1.0,32.0,False,
Conway Life,B3/S23,0.3,2,22261227,0.13875827814569536,0.121875,0.11681666666666667,-0.11590035726734077,0.5684418026376471,1.0,0.955,40.2,False,
Conway Life,B3/S23,0.3,3,22261228,0.14644039735099335,0.083125,0.12358333333333334,-0.11740447455559436,0.5915951361976908,1.0,0.949375,38.2,False,
Conway Life,B3/S23,0.3,4,22261229,0.13725993377483445,0.1225,0.11507916666666666,-0.10037687347507859,0.5672412180289489,1.0,0.940625,31.8,False,
Conway Life,B3/S23,0.3,5,22261230,0.13501241721854307,0.114375,0.11101666666666667,-0.09793198849773442,0.5606317473011484,1.0,0.9375,37.2,False,
Conway Life,B3/S23,0.3,6,22261231,0.13255794701986753,0.079375,0.11413333333333334,-0.10598553502962724,0.5548924822530428,1.0,0.95,37.4,False,
Conway Life,B3/S23,0.3,7,22261232,0.10653559602649006,0.048125,0.08782916666666668,-0.20700516294876284,0.45876957208149244,1.0,0.988125,31.2,False,
Conway Life,B3/S23,0.3,8,22261233,0.13505380794701988,0.045625,0.11662499999999999,-0.21003006273963062,0.5452459780828884,1.0,0.990625,30.8,False,
Conway Life,B3/S23,0.3,9,22261234,0.09408940397350994,0.0325,0.07485833333333335,-0.20064003136981548,0.41723307582756475,1.0,0.99125,31.0,False,
Conway Life,B3/S23,0.5,0,22261325,0.120351821192053,0.08625,0.09775416666666667,-0.11709600470547228,0.5169571776128492,1.0,0.950625,18.4,False,
Conway Life,B3/S23,0.5,1,22261326,0.09611754966887419,0.05125,0.07626666666666666,-0.17648200592540977,0.42912104061761963,1.0,0.998125,15.6,False,
Conway Life,B3/S23,0.5,2,22261327,0.0916432119205298,0.04375,0.07660833333333333,-0.2462527230742423,0.3896603810875128,1.0,0.998125,14.4,False,
Conway Life,B3/S23,0.5,3,22261328,0.12346026490066227,0.0925,0.09865,-0.13646555855698875,0.5220291414282477,1.0,0.96125,17.2,False,
Conway Life,B3/S23,0.5,4,22261329,0.1289072847682119,0.110625,0.10390416666666667,-0.08102725252701304,0.5437668111787766,1.0,0.940625,21.4,False,
Conway Life,B3/S23,0.5,5,22261330,0.10728476821192053,0.09625,0.08749166666666668,-0.10770499302893015,0.47545291633031606,1.0,0.960625,20.2,False,
Conway Life,B3/S23,0.5,6,22261331,0.12988824503311258,0.091875,0.10567083333333334,-0.1524912861624261,0.5402178261741347,1.0,0.9625,20.6,False,
Conway Life,B3/S23,0.5,7,22261332,0.12414321192052981,0.065,0.10584166666666665,-0.14059166957127928,0.5246809324330391,1.0,0.96125,16.4,False,
Conway Life,B3/S23,0.5,8,22261333,0.08674254966887415,0.044375,0.059970833333333334,-0.1532706300104568,0.4014021769837046,1.0,1.0,13.8,False,
Conway Life,B3/S23,0.5,9,22261334,0.13870033112582783,0.079375,0.11643333333333333,-0.08993595329383082,0.5702104579326511,1.0,0.963125,22.4,False,
Conway Life,B3/S23,0.9,0,22261425,0.005889900662251655,0.0,0.005929166666666667,-0.03487441181596388,0.0033231673732106145,0.006666666666666667,1.0,0.2,True,1.0
Conway Life,B3/S23,0.9,1,22261426,0.005939569536423841,0.0,0.005975,-0.03516817706517964,0.0032339413478971327,0.013333333333333334,1.0,0.2,True,2.0
Conway Life,B3/S23,0.9,2,22261427,0.0060099337748344365,0.0,0.00605,-0.03558513419309877,0.0029454297763106176,0.006666666666666667,1.0,0.2,True,1.0
Conway Life,B3/S23,0.9,3,22261428,0.005964403973509934,0.0,0.006004166666666666,-0.03531554984315106,0.003092789760254701,0.006666666666666667,1.0,0.2,True,1.0
Conway Life,B3/S23,0.9,4,22261429,0.005964403973509934,0.0,0.006004166666666666,-0.03531554984315106,0.003092789760254701,0.006666666666666667,1.0,0.2,True,1.0
Conway Life,B3/S23,0.9,5,22261430,0.005856788079470199,0.0,0.005891666666666667,-0.03467802370163835,0.003483698545809123,0.013333333333333334,1.0,0.2,True,2.0
Conway Life,B3/S23,0.9,6,22261431,0.00597682119205298,0.0,0.006016666666666667,-0.03538907284768226,0.003053114646821085,0.006666666666666667,1.0,0.2,True,1.0
Conway Life,B3/S23,0.9,7,22261432,0.005910596026490066,0.0,0.005941666666666666,-0.034996296619031184,0.00337742444434416,0.013333333333333334,1.0,0.2,True,2.0
Conway Life,B3/S23,0.9,8,22261433,0.005939569536423841,0.0,0.005975,-0.03516817706517964,0.0032339413478971327,0.013333333333333334,1.0,0.2,True,2.0
Conway Life,B3/S23,0.9,9,22261434,0.005947847682119205,0.0,0.0059875,-0.03521751917044281,0.0031451071549697916,0.006666666666666667,1.0,0.2,True,1.0
HighLife,B36/S23,0.01,0,22260925,3.3112582781456954e-05,0.0,3.3333333333333335e-05,-0.0001960613454165222,0.00030075955187943115,0.006666666666666667,1.0,1.4,True,1.0
HighLife,B36/S23,0.01,1,22260926,7.036423841059603e-05,0.0,7.083333333333334e-05,-0.00041663035901010975,0.0005623085484318957,0.006666666666666667,1.0,3.2,True,1.0
HighLife,B36/S23,0.01,2,22260927,9.105960264900662e-05,0.0,9.583333333333334e-05,-0.0005388419309864084,0.0007179855680976825,0.013333333333333334,1.0,3.8,True,2.0
HighLife,B36/S23,0.01,3,22260928,7.450331125827815e-05,0.0,7.5e-05,-0.000441138027187175,0.0005892079816955348,0.006666666666666667,1.0,3.4,True,1.0
HighLife,B36/S23,0.01,4,22260929,6.622516556291391e-05,0.0,6.666666666666667e-05,-0.0003921226908330444,0.000535053880105372,0.006666666666666667,1.0,3.2,True,1.0
HighLife,B36/S23,0.01,5,22260930,9.105960264900662e-05,0.0,9.166666666666667e-05,-0.0005391686998954361,0.0006936151357131684,0.006666666666666667,1.0,4.2,True,1.0
HighLife,B36/S23,0.01,6,22260931,5.7947019867549676e-05,0.0,5.833333333333334e-05,-0.000343107354478914,0.00047938793205398733,0.006666666666666667,1.0,2.8,True,1.0
HighLife,B36/S23,0.01,7,22260932,7.036423841059603e-05,0.0,7.083333333333334e-05,-0.00041663035901010975,0.0005623085484318957,0.006666666666666667,1.0,3.4,True,1.0
HighLife,B36/S23,0.01,8,22260933,5.7947019867549676e-05,0.0,5.833333333333334e-05,-0.000343107354478914,0.00047938793205398733,0.006666666666666667,1.0,2.6,True,1.0
HighLife,B36/S23,0.01,9,22260934,9.105960264900662e-05,0.0,9.166666666666667e-05,-0.0005391686998954361,0.0006936151357131684,0.006666666666666667,1.0,4.2,True,1.0
HighLife,B36/S23,0.05,0,22261025,0.004060430463576159,0.00375,0.00042083333333333333,-0.0018380751132799024,0.03732170285511264,1.0,1.0,14.2,False,
HighLife,B36/S23,0.05,1,22261026,0.005935430463576158,0.005625,0.0029083333333333335,-0.001837748344370871,0.05179949196328362,1.0,1.0,14.0,False,
HighLife,B36/S23,0.05,2,22261027,0.006254139072847681,0.005625,0.003191666666666667,-0.0035604740327640425,0.054073011494527465,1.0,1.0,12.2,False,
HighLife,B36/S23,0.05,3,22261028,0.00035182119205298017,0.0,0.00037916666666666665,-0.002081191181596383,0.0021149460119579033,0.013333333333333334,1.0,13.6,True,2.0
HighLife,B36/S23,0.05,4,22261029,0.00031456953642384106,0.0,0.00031666666666666665,-0.0018619292436389055,0.0018814932212507297,0.013333333333333334,1.0,13.4,True,2.0
HighLife,B36/S23,0.05,5,22261030,0.0022185430463576156,0.001875,0.002875,-0.002031195538515171,0.021692732120491543,1.0,1.0,12.8,False,
HighLife,B36/S23,0.05,6,22261031,0.0004925496688741723,0.0,0.0005375,-0.002902688218891608,0.0030610205331138645,0.03333333333333333,1.0,15.8,True,5.0
HighLife,B36/S23,0.05,7,22261032,0.0022433774834437086,0.001875,0.0028583333333333334,-0.002170072324851874,0.021945058503209686,1.0,1.0,12.4,False,
HighLife,B36/S23,0.05,8,22261033,0.027545529801324502,0.04125,0.024620833333333335,0.030498976124085028,0.17751171247296843,1.0,0.998125,19.2,False,
HighLife,B36/S23,0.05,9,22261034,0.00031043046357615895,0.0,0.00032083333333333334,-0.0018367680376437856,0.0019020902255494718,0.013333333333333334,1.0,12.4,True,2.0
HighLife,B36/S23,0.15,0,22261125,0.12069950331125828,0.120625,0.09857916666666666,-0.020322085221331658,0.5301462453791068,1.0,0.93125,42.4,False,
HighLife,B36/S23,0.15,1,22261126,0.08714817880794702,0.08375,0.06579999999999998,0.0005640031369814909,0.4243522682336521,1.0,0.971875,39.0,False,
HighLife,B36/S23,0.15,2,22261127,0.0456953642384106,0.033125,0.027154166666666667,-0.04073011066573724,0.26442721549781767,1.0,0.99375,31.2,False,
HighLife,B36/S23,0.15,3,22261128,0.07642384105960265,0.10125,0.05772083333333333,0.03365033548274657,0.38385373601984074,1.0,0.99,37.8,False,
HighLife,B36/S23,0.15,4,22261129,0.08429221854304636,0.07125,0.06476666666666667,-0.07986526228651104,0.40871081778073504,1.0,0.9775,35.0,False,
HighLife,B36/S23,0.15,5,22261130,0.114908940397351,0.135625,0.09284166666666667,0.007890488846287886,0.5127266647100739,1.0,0.955,39.8,False,
HighLife,B36/S23,0.15,6,22261131,0.09412665562913908,0.078125,0.0790625,-0.06307358835831312,0.44565841636948955,1.0,0.960625,38.0,False,
HighLife,B36/S23,0.15,7,22261132,0.06487582781456953,0.051875,0.0549625,-0.048440223074242006,0.34297339222707207,1.0,0.97875,34.0,False,
HighLife,B36/S23,0.15,8,22261133,0.0925703642384106,0.07375,0.07722916666666668,-0.06120708434994778,0.44109525110390235,1.0,0.96375,37.0,False,
HighLife,B36/S23,0.15,9,22261134,0.08375413907284768,0.079375,0.06319583333333334,0.04081801150226553,0.41190016755760334,1.0,0.976875,38.0,False,
HighLife,B36/S23,0.3,0,22261225,0.16412665562913906,0.083125,0.15553333333333333,-0.19147122255141188,0.6246994876356019,1.0,0.9275,36.6,False,
HighLife,B36/S23,0.3,1,22261226,0.1458153973509934,0.093125,0.13474583333333331,-0.1448939090275357,0.5842768241168924,1.0,0.9375,35.0,False,
HighLife,B36/S23,0.3,2,22261227,0.1611134105960265,0.09875,0.14842083333333334,-0.1395136589403976,0.6230512846955291,1.0,0.9225,37.4,False,
HighLife,B36/S23,0.3,3,22261228,0.12129966887417219,0.081875,0.09747499999999999,-0.1719418787033812,0.5097997054625562,1.0,0.9775,31.2,False,
HighLife,B36/S23,0.3,4,22261229,0.16670529801324505,0.130625,0.15221666666666664,-0.12253539996514479,0.6411819978461265,1.0,0.9125,36.2,False,
HighLife,B36/S23,0.3,5,22261230,0.1739114238410596,0.13125,0.16122916666666667,-0.09445745468804465,0.6579664156473713,1.0,0.906875,40.2,False,
HighLife,B36/S23,0.3,6,22261231,0.17086092715231788,0.11375,0.15746249999999998,-0.09193185779017089,0.6527472706192579,1.0,0.8987499999999999,39.2,False,
HighLife,B36/S23,0.3,7,22261232,0.11444122516556292,0.03875,0.09996666666666668,-0.2257166042174976,0.4796364944709177,1.0,0.988125,31.2,False,
HighLife,B36/S23,0.3,8,22261233,0.13309188741721856,0.05625,0.12117083333333334,-0.2108871775880099,0.5396209234020827,1.0,0.973125,33.2,False,
HighLife,B36/S23,0.3,9,22261234,0.12971854304635763,0.038125,0.11568749999999998,-0.2396134323806209,0.5229170162211858,1.0,0.9825,33.0,False,
HighLife,B36/S23,0.5,0,22261325,0.1584230132450331,0.129375,0.14530833333333334,-0.10129640118508207,0.6183634836482337,1.0,0.908125,19.8,False,
HighLife,B36/S23,0.5,1,22261326,0.15809188741721855,0.110625,0.14257083333333334,-0.2252735055768564,0.6000947623212887,1.0,0.95,23.2,False,
HighLife,B36/S23,0.5,2,22261327,0.17437913907284766,0.150625,0.16230416666666667,-0.14428513855001757,0.6493652967364313,1.0,0.925,24.2,False,
HighLife,B36/S23,0.5,3,22261328,0.1632408940397351,0.141875,0.15032083333333332,-0.17201736232136644,0.6226282398785357,1.0,0.921875,23.2,False,
HighLife,B36/S23,0.5,4,22261329,0.1599751655629139,0.11625,0.14041666666666666,-0.19559994771697478,0.6121312122604796,1.0,0.94,26.0,False,
HighLife,B36/S23,0.5,5,22261330,0.13353890728476822,0.09,0.12014166666666667,-0.18135086266992012,0.5449480305294726,1.0,0.96625,20.4,False,
HighLife,B36/S23,0.5,6,22261331,0.151510761589404,0.1175,0.128175,-0.13236624259323834,0.5974858459113396,1.0,0.950625,24.2,False,
HighLife,B36/S23,0.5,7,22261332,0.15725993377483447,0.12375,0.14270833333333333,-0.14170203032415501,0.6124545654960677,1.0,0.9299999999999999,20.6,False,
HighLife,B36/S23,0.5,8,22261333,0.17682119205298014,0.0825,0.15910833333333335,-0.15640532415475822,0.6591080533437177,1.0,0.9475,21.0,False,
HighLife,B36/S23,0.5,9,22261334,0.16465231788079468,0.145,0.15367916666666667,-0.15304123823631957,0.6275519595296047,1.0,0.923125,22.6,False,
HighLife,B36/S23,0.9,0,22261425,0.01353890728476821,0.0075,0.0063875,-0.035735121122342436,0.06782727747879484,1.0,1.0,2.6,False,
HighLife,B36/S23,0.9,1,22261426,0.008708609271523176,0.0025,0.006383333333333333,-0.03668961310561186,0.030367020471368644,1.0,1.0,1.0,False,
HighLife,B36/S23,0.9,2,22261427,0.011047185430463577,0.005,0.006233333333333333,-0.03579949459742086,0.04853942524102795,1.0,1.0,1.8,False,
HighLife,B36/S23,0.9,3,22261428,0.006047185430463576,0.0,0.006170833333333333,-0.03579916782851181,0.0037348070189465762,0.013333333333333334,1.0,0.2,True,2.0
HighLife,B36/S23,0.9,4,22261429,0.013501655629139069,0.0075,0.0062375,-0.035528276402927994,0.06694528883568435,1.0,1.0,2.6,False,
HighLife,B36/S23,0.9,5,22261430,0.01097682119205298,0.005,0.006225,-0.035374695015685034,0.04954243471769177,1.0,1.0,1.8,False,
HighLife,B36/S23,0.9,6,22261431,0.011076158940397351,0.005,0.00625,-0.03595634367375406,0.049089221987441325,1.0,1.0,1.8,False,
HighLife,B36/S23,0.9,7,22261432,0.017752483443708604,0.011875,0.006220833333333333,-0.03479729435343338,0.09596497794625118,1.0,1.0,3.4,False,
HighLife,B36/S23,0.9,8,22261433,0.01099751655629139,0.005,0.0062,-0.03550311519693288,0.048931038363621886,1.0,1.0,1.8,False,
HighLife,B36/S23,0.9,9,22261434,0.0085182119205298,0.0025,0.006179166666666667,-0.03562696061345432,0.028802221444997746,1.0,1.0,1.0,False,
