pattern,grid_size,boundary,generation,population
glider,25,toroidal,0,5
glider,25,toroidal,1,5
glider,25,toroidal,2,5
glider,25,toroidal,3,5
glider,25,toroidal,4,5
glider,25,toroidal,5,5
glider,25,toroidal,6,5
glider,25,toroidal,7,5
glider,25,toroidal,8,5
glider,25,toroidal,9,5
glider,25,toroidal,10,5
glider,25,toroidal,11,5
glider,25,toroidal,12,5
glider,25,toroidal,13,5
glider,25,toroidal,14,5
glider,25,toroidal,15,5
glider,25,toroidal,16,5
glider,25,toroidal,17,5
glider,25,toroidal,18,5
glider,25,toroidal,19,5
glider,25,toroidal,20,5
glider,25,toroidal,21,5
glider,25,toroidal,22,5
glider,25,toroidal,23,5
glider,25,toroidal,24,5
glider,25,toroidal,25,5
glider,25,toroidal,26,5
glider,25,toroidal,27,5
glider,25,toroidal,28,5
glider,25,toroidal,29,5
glider,25,toroidal,30,5
glider,25,toroidal,31,5
glider,25,toroidal,32,5
glider,25,toroidal,33,5
glider,25,toroidal,34,5
glider,25,toroidal,35,5
glider,25,toroidal,36,5
glider,25,toroidal,37,5
glider,25,toroidal,38,5
glider,25,toroidal,39,5
glider,25,toroidal,40,5
glider,25,dead,0,5
glider,25,dead,1,5
glider,25,dead,2,5
glider,25,dead,3,5
glider,25,dead,4,5
glider,25,dead,5,5
glider,25,dead,6,5
glider,25,dead,7,5
glider,25,dead,8,5
glider,25,dead,9,5
glider,25,dead,10,5
glider,25,dead,11,5
glider,25,dead,12,5
glider,25,dead,13,5
glider,25,dead,14,5
glider,25,dead,15,5
glider,25,dead,16,5
glider,25,dead,17,4
glider,25,dead,18,3
glider,25,dead,19,4
glider,25,dead,20,4
glider,25,dead,21,4
glider,25,dead,22,4
glider,25,dead,23,4
glider,25,dead,24,4
glider,25,dead,25,4
glider,25,dead,26,4
glider,25,dead,27,4
glider,25,dead,28,4
glider,25,dead,29,4
glider,25,dead,30,4
glider,25,dead,31,4
glider,25,dead,32,4
glider,25,dead,33,4
glider,25,dead,34,4
glider,25,dead,35,4
glider,25,dead,36,4
glider,25,dead,37,4
glider,25,dead,38,4
glider,25,dead,39,4
glider,25,dead,40,4
r_pentomino,25,dead,0,5
r_pentomino,25,dead,1,6
r_pentomino,25,dead,2,7
r_pentomino,25,dead,3,9
r_pentomino,25,dead,4,8
r_pentomino,25,dead,5,9
r_pentomino,25,dead,6,12
r_pentomino,25,dead,7,11
r_pentomino,25,dead,8,18
r_pentomino,25,dead,9,11
r_pentomino,25,dead,10,11
r_pentomino,25,dead,11,10
r_pentomino,25,dead,12,13
r_pentomino,25,dead,13,16
r_pentomino,25,dead,14,19
r_pentomino,25,dead,15,19
r_pentomino,25,dead,16,23
r_pentomino,25,dead,17,25
r_pentomino,25,dead,18,35
r_pentomino,25,dead,19,25
r_pentomino,25,dead,20,32
r_pentomino,25,dead,21,27
r_pentomino,25,dead,22,37
r_pentomino,25,dead,23,30
r_pentomino,25,dead,24,46
r_pentomino,25,dead,25,39
r_pentomino,25,dead,26,45
r_pentomino,25,dead,27,30
r_pentomino,25,dead,28,30
r_pentomino,25,dead,29,28
r_pentomino,25,dead,30,21
r_pentomino,25,dead,31,20
r_pentomino,25,dead,32,18
r_pentomino,25,dead,33,21
r_pentomino,25,dead,34,18
r_pentomino,25,dead,35,10
r_pentomino,25,dead,36,11
r_pentomino,25,dead,37,12
r_pentomino,25,dead,38,12
r_pentomino,25,dead,39,15
r_pentomino,25,dead,40,11
r_pentomino,25,dead,41,10
r_pentomino,25,dead,42,14
r_pentomino,25,dead,43,14
r_pentomino,25,dead,44,15
r_pentomino,25,dead,45,19
r_pentomino,25,dead,46,22
r_pentomino,25,dead,47,24
r_pentomino,25,dead,48,34
r_pentomino,25,dead,49,36
r_pentomino,25,dead,50,47
r_pentomino,25,dead,51,30
r_pentomino,25,dead,52,37
r_pentomino,25,dead,53,34
r_pentomino,25,dead,54,46
r_pentomino,25,dead,55,39
r_pentomino,25,dead,56,46
r_pentomino,25,dead,57,40
r_pentomino,25,dead,58,48
r_pentomino,25,dead,59,46
r_pentomino,25,dead,60,53
r_pentomino,25,dead,61,53
r_pentomino,25,dead,62,60
r_pentomino,25,dead,63,49
r_pentomino,25,dead,64,49
r_pentomino,25,dead,65,59
r_pentomino,25,dead,66,53
r_pentomino,25,dead,67,46
r_pentomino,25,dead,68,51
r_pentomino,25,dead,69,43
r_pentomino,25,dead,70,42
r_pentomino,25,dead,71,49
r_pentomino,25,dead,72,52
r_pentomino,25,dead,73,45
r_pentomino,25,dead,74,49
r_pentomino,25,dead,75,45
r_pentomino,25,dead,76,53
r_pentomino,25,dead,77,44
r_pentomino,25,dead,78,39
r_pentomino,25,dead,79,40
r_pentomino,25,dead,80,33
r_pentomino,25,dead,81,31
r_pentomino,25,dead,82,34
r_pentomino,25,dead,83,33
r_pentomino,25,dead,84,34
r_pentomino,25,dead,85,33
r_pentomino,25,dead,86,30
r_pentomino,25,dead,87,29
r_pentomino,25,dead,88,34
r_pentomino,25,dead,89,31
r_pentomino,25,dead,90,32
r_pentomino,25,dead,91,36
r_pentomino,25,dead,92,41
r_pentomino,25,dead,93,45
r_pentomino,25,dead,94,40
r_pentomino,25,dead,95,39
r_pentomino,25,dead,96,36
r_pentomino,25,dead,97,34
r_pentomino,25,dead,98,29
r_pentomino,25,dead,99,30
r_pentomino,25,dead,100,38
r_pentomino,25,dead,101,31
r_pentomino,25,dead,102,33
r_pentomino,25,dead,103,40
r_pentomino,25,dead,104,52
r_pentomino,25,dead,105,46
r_pentomino,25,dead,106,58
r_pentomino,25,dead,107,57
r_pentomino,25,dead,108,59
r_pentomino,25,dead,109,56
r_pentomino,25,dead,110,68
r_pentomino,25,dead,111,64
r_pentomino,25,dead,112,72
r_pentomino,25,dead,113,72
r_pentomino,25,dead,114,75
r_pentomino,25,dead,115,79
r_pentomino,25,dead,116,62
r_pentomino,25,dead,117,61
r_pentomino,25,dead,118,44
r_pentomino,25,dead,119,52
r_pentomino,25,dead,120,41
r_pentomino,25,dead,121,48
r_pentomino,25,dead,122,52
r_pentomino,25,dead,123,53
r_pentomino,25,dead,124,55
r_pentomino,25,dead,125,65
r_pentomino,25,dead,126,56
r_pentomino,25,dead,127,59
r_pentomino,25,dead,128,66
r_pentomino,25,dead,129,67
r_pentomino,25,dead,130,58
r_pentomino,25,dead,131,60
r_pentomino,25,dead,132,56
r_pentomino,25,dead,133,70
r_pentomino,25,dead,134,55
r_pentomino,25,dead,135,57
r_pentomino,25,dead,136,56
r_pentomino,25,dead,137,54
r_pentomino,25,dead,138,58
r_pentomino,25,dead,139,58
r_pentomino,25,dead,140,63
r_pentomino,25,dead,141,40
r_pentomino,25,dead,142,28
r_pentomino,25,dead,143,25
r_pentomino,25,dead,144,25
r_pentomino,25,dead,145,29
r_pentomino,25,dead,146,28
r_pentomino,25,dead,147,26
r_pentomino,25,dead,148,26
r_pentomino,25,dead,149,26
r_pentomino,25,dead,150,32
r_pentomino,25,dead,151,25
r_pentomino,25,dead,152,33
r_pentomino,25,dead,153,32
r_pentomino,25,dead,154,45
r_pentomino,25,dead,155,33
r_pentomino,25,dead,156,38
r_pentomino,25,dead,157,34
r_pentomino,25,dead,158,31
r_pentomino,25,dead,159,30
r_pentomino,25,dead,160,28
r_pentomino,25,dead,161,25
r_pentomino,25,dead,162,29
r_pentomino,25,dead,163,26
r_pentomino,25,dead,164,20
r_pentomino,25,dead,165,20
r_pentomino,25,dead,166,19
r_pentomino,25,dead,167,19
r_pentomino,25,dead,168,19
r_pentomino,25,dead,169,21
r_pentomino,25,dead,170,19
r_pentomino,25,dead,171,17
r_pentomino,25,dead,172,17
r_pentomino,25,dead,173,17
r_pentomino,25,dead,174,19
r_pentomino,25,dead,175,20
r_pentomino,25,dead,176,25
r_pentomino,25,dead,177,23
r_pentomino,25,dead,178,28
r_pentomino,25,dead,179,32
r_pentomino,25,dead,180,36
r_pentomino,25,dead,181,35
r_pentomino,25,dead,182,41
r_pentomino,25,dead,183,38
r_pentomino,25,dead,184,48
r_pentomino,25,dead,185,37
r_pentomino,25,dead,186,35
r_pentomino,25,dead,187,32
r_pentomino,25,dead,188,35
r_pentomino,25,dead,189,41
r_pentomino,25,dead,190,40
r_pentomino,25,dead,191,38
r_pentomino,25,dead,192,47
r_pentomino,25,dead,193,51
r_pentomino,25,dead,194,47
r_pentomino,25,dead,195,48
r_pentomino,25,dead,196,55
r_pentomino,25,dead,197,52
r_pentomino,25,dead,198,57
r_pentomino,25,dead,199,52
r_pentomino,25,dead,200,58
r_pentomino,25,dead,201,45
r_pentomino,25,dead,202,47
r_pentomino,25,dead,203,34
r_pentomino,25,dead,204,26
r_pentomino,25,dead,205,31
r_pentomino,25,dead,206,26
r_pentomino,25,dead,207,24
r_pentomino,25,dead,208,33
r_pentomino,25,dead,209,20
r_pentomino,25,dead,210,19
r_pentomino,25,dead,211,15
r_pentomino,25,dead,212,12
r_pentomino,25,dead,213,11
r_pentomino,25,dead,214,11
r_pentomino,25,dead,215,11
r_pentomino,25,dead,216,11
r_pentomino,25,dead,217,11
r_pentomino,25,dead,218,11
r_pentomino,25,dead,219,11
r_pentomino,25,dead,220,11
r_pentomino,25,dead,221,11
r_pentomino,25,dead,222,11
r_pentomino,25,dead,223,11
r_pentomino,25,dead,224,11
r_pentomino,25,dead,225,11
r_pentomino,25,dead,226,11
r_pentomino,25,dead,227,11
r_pentomino,25,dead,228,11
r_pentomino,25,dead,229,11
r_pentomino,25,dead,230,11
r_pentomino,25,dead,231,11
r_pentomino,25,dead,232,11
r_pentomino,25,dead,233,11
r_pentomino,25,dead,234,11
r_pentomino,25,dead,235,11
r_pentomino,25,dead,236,11
r_pentomino,25,dead,237,11
r_pentomino,25,dead,238,11
r_pentomino,25,dead,239,11
r_pentomino,25,dead,240,11
r_pentomino,25,dead,241,11
r_pentomino,25,dead,242,11
r_pentomino,25,dead,243,11
r_pentomino,25,dead,244,11
r_pentomino,25,dead,245,11
r_pentomino,25,dead,246,11
r_pentomino,25,dead,247,11
r_pentomino,25,dead,248,11
r_pentomino,25,dead,249,11
r_pentomino,25,dead,250,11
r_pentomino,25,dead,251,11
r_pentomino,25,dead,252,11
r_pentomino,25,dead,253,11
r_pentomino,25,dead,254,11
r_pentomino,25,dead,255,11
r_pentomino,25,dead,256,11
r_pentomino,25,dead,257,11
r_pentomino,25,dead,258,11
r_pentomino,25,dead,259,11
r_pentomino,25,dead,260,11
r_pentomino,25,dead,261,11
r_pentomino,25,dead,262,11
r_pentomino,25,dead,263,11
r_pentomino,25,dead,264,11
r_pentomino,25,dead,265,11
r_pentomino,25,dead,266,11
r_pentomino,25,dead,267,11
r_pentomino,25,dead,268,11
r_pentomino,25,dead,269,11
r_pentomino,25,dead,270,11
r_pentomino,25,dead,271,11
r_pentomino,25,dead,272,11
r_pentomino,25,dead,273,11
r_pentomino,25,dead,274,11
r_pentomino,25,dead,275,11
r_pentomino,25,dead,276,11
r_pentomino,25,dead,277,11
r_pentomino,25,dead,278,11
r_pentomino,25,dead,279,11
r_pentomino,25,dead,280,11
r_pentomino,25,dead,281,11
r_pentomino,25,dead,282,11
r_pentomino,25,dead,283,11
r_pentomino,25,dead,284,11
r_pentomino,25,dead,285,11
r_pentomino,25,dead,286,11
r_pentomino,25,dead,287,11
r_pentomino,25,dead,288,11
r_pentomino,25,dead,289,11
r_pentomino,25,dead,290,11
r_pentomino,25,dead,291,11
r_pentomino,25,dead,292,11
r_pentomino,25,dead,293,11
r_pentomino,25,dead,294,11
r_pentomino,25,dead,295,11
r_pentomino,25,dead,296,11
r_pentomino,25,dead,297,11
r_pentomino,25,dead,298,11
r_pentomino,25,dead,299,11
r_pentomino,25,dead,300,11
r_pentomino,50,dead,0,5
r_pentomino,50,dead,1,6
r_pentomino,50,dead,2,7
r_pentomino,50,dead,3,9
r_pentomino,50,dead,4,8
r_pentomino,50,dead,5,9
r_pentomino,50,dead,6,12
r_pentomino,50,dead,7,11
r_pentomino,50,dead,8,18
r_pentomino,50,dead,9,11
r_pentomino,50,dead,10,11
r_pentomino,50,dead,11,10
r_pentomino,50,dead,12,13
r_pentomino,50,dead,13,16
r_pentomino,50,dead,14,19
r_pentomino,50,dead,15,19
r_pentomino,50,dead,16,23
r_pentomino,50,dead,17,25
r_pentomino,50,dead,18,35
r_pentomino,50,dead,19,25
r_pentomino,50,dead,20,32
r_pentomino,50,dead,21,27
r_pentomino,50,dead,22,37
r_pentomino,50,dead,23,30
r_pentomino,50,dead,24,46
r_pentomino,50,dead,25,39
r_pentomino,50,dead,26,45
r_pentomino,50,dead,27,30
r_pentomino,50,dead,28,31
r_pentomino,50,dead,29,29
r_pentomino,50,dead,30,27
r_pentomino,50,dead,31,32
r_pentomino,50,dead,32,32
r_pentomino,50,dead,33,39
r_pentomino,50,dead,34,34
r_pentomino,50,dead,35,29
r_pentomino,50,dead,36,34
r_pentomino,50,dead,37,31
r_pentomino,50,dead,38,34
r_pentomino,50,dead,39,36
r_pentomino,50,dead,40,33
r_pentomino,50,dead,41,31
r_pentomino,50,dead,42,29
r_pentomino,50,dead,43,34
r_pentomino,50,dead,44,31
r_pentomino,50,dead,45,42
r_pentomino,50,dead,46,37
r_pentomino,50,dead,47,36
r_pentomino,50,dead,48,45
r_pentomino,50,dead,49,48
r_pentomino,50,dead,50,64
r_pentomino,50,dead,51,45
r_pentomino,50,dead,52,60
r_pentomino,50,dead,53,50
r_pentomino,50,dead,54,67
r_pentomino,50,dead,55,58
r_pentomino,50,dead,56,65
r_pentomino,50,dead,57,65
r_pentomino,50,dead,58,70
r_pentomino,50,dead,59,68
r_pentomino,50,dead,60,77
r_pentomino,50,dead,61,77
r_pentomino,50,dead,62,85
r_pentomino,50,dead,63,67
r_pentomino,50,dead,64,71
r_pentomino,50,dead,65,75
r_pentomino,50,dead,66,64
r_pentomino,50,dead,67,53
r_pentomino,50,dead,68,55
r_pentomino,50,dead,69,50
r_pentomino,50,dead,70,53
r_pentomino,50,dead,71,61
r_pentomino,50,dead,72,63
r_pentomino,50,dead,73,69
r_pentomino,50,dead,74,64
r_pentomino,50,dead,75,67
r_pentomino,50,dead,76,68
r_pentomino,50,dead,77,63
r_pentomino,50,dead,78,75
r_pentomino,50,dead,79,62
r_pentomino,50,dead,80,67
r_pentomino,50,dead,81,66
r_pentomino,50,dead,82,69
r_pentomino,50,dead,83,67
r_pentomino,50,dead,84,79
r_pentomino,50,dead,85,66
r_pentomino,50,dead,86,77
r_pentomino,50,dead,87,74
r_pentomino,50,dead,88,72
r_pentomino,50,dead,89,73
r_pentomino,50,dead,90,71
r_pentomino,50,dead,91,63
r_pentomino,50,dead,92,74
r_pentomino,50,dead,93,66
r_pentomino,50,dead,94,67
r_pentomino,50,dead,95,64
r_pentomino,50,dead,96,62
r_pentomino,50,dead,97,69
r_pentomino,50,dead,98,73
r_pentomino,50,dead,99,76
r_pentomino,50,dead,100,89
r_pentomino,50,dead,101,85
r_pentomino,50,dead,102,82
r_pentomino,50,dead,103,82
r_pentomino,50,dead,104,86
r_pentomino,50,dead,105,81
r_pentomino,50,dead,106,100
r_pentomino,50,dead,107,89
r_pentomino,50,dead,108,110
r_pentomino,50,dead,109,95
r_pentomino,50,dead,110,97
r_pentomino,50,dead,111,88
r_pentomino,50,dead,112,97
r_pentomino,50,dead,113,111
r_pentomino,50,dead,114,98
r_pentomino,50,dead,115,118
r_pentomino,50,dead,116,101
r_pentomino,50,dead,117,105
r_pentomino,50,dead,118,117
r_pentomino,50,dead,119,106
r_pentomino,50,dead,120,116
r_pentomino,50,dead,121,116
r_pentomino,50,dead,122,102
r_pentomino,50,dead,123,126
r_pentomino,50,dead,124,119
r_pentomino,50,dead,125,120
r_pentomino,50,dead,126,111
r_pentomino,50,dead,127,129
r_pentomino,50,dead,128,103
r_pentomino,50,dead,129,116
r_pentomino,50,dead,130,117
r_pentomino,50,dead,131,106
r_pentomino,50,dead,132,105
r_pentomino,50,dead,133,129
r_pentomino,50,dead,134,105
r_pentomino,50,dead,135,125
r_pentomino,50,dead,136,118
r_pentomino,50,dead,137,111
r_pentomino,50,dead,138,115
r_pentomino,50,dead,139,131
r_pentomino,50,dead,140,126
r_pentomino,50,dead,141,120
r_pentomino,50,dead,142,138
r_pentomino,50,dead,143,130
r_pentomino,50,dead,144,138
r_pentomino,50,dead,145,146
r_pentomino,50,dead,146,124
r_pentomino,50,dead,147,124
r_pentomino,50,dead,148,152
r_pentomino,50,dead,149,126
r_pentomino,50,dead,150,131
r_pentomino,50,dead,151,131
r_pentomino,50,dead,152,122
r_pentomino,50,dead,153,139
r_pentomino,50,dead,154,128
r_pentomino,50,dead,155,123
r_pentomino,50,dead,156,133
r_pentomino,50,dead,157,145
r_pentomino,50,dead,158,127
r_pentomino,50,dead,159,141
r_pentomino,50,dead,160,127
r_pentomino,50,dead,161,151
r_pentomino,50,dead,162,136
r_pentomino,50,dead,163,135
r_pentomino,50,dead,164,132
r_pentomino,50,dead,165,136
r_pentomino,50,dead,166,151
r_pentomino,50,dead,167,156
r_pentomino,50,dead,168,160
r_pentomino,50,dead,169,168
r_pentomino,50,dead,170,159
r_pentomino,50,dead,171,168
r_pentomino,50,dead,172,142
r_pentomino,50,dead,173,154
r_pentomino,50,dead,174,148
r_pentomino,50,dead,175,159
r_pentomino,50,dead,176,155
r_pentomino,50,dead,177,169
r_pentomino,50,dead,178,183
r_pentomino,50,dead,179,144
r_pentomino,50,dead,180,153
r_pentomino,50,dead,181,140
r_pentomino,50,dead,182,160
r_pentomino,50,dead,183,151
r_pentomino,50,dead,184,156
r_pentomino,50,dead,185,172
r_pentomino,50,dead,186,176
r_pentomino,50,dead,187,167
r_pentomino,50,dead,188,159
r_pentomino,50,dead,189,159
r_pentomino,50,dead,190,156
r_pentomino,50,dead,191,149
r_pentomino,50,dead,192,140
r_pentomino,50,dead,193,162
r_pentomino,50,dead,194,145
r_pentomino,50,dead,195,160
r_pentomino,50,dead,196,116
r_pentomino,50,dead,197,128
r_pentomino,50,dead,198,100
r_pentomino,50,dead,199,107
r_pentomino,50,dead,200,92
r_pentomino,50,dead,201,107
r_pentomino,50,dead,202,92
r_pentomino,50,dead,203,97
r_pentomino,50,dead,204,92
r_pentomino,50,dead,205,83
r_pentomino,50,dead,206,82
r_pentomino,50,dead,207,81
r_pentomino,50,dead,208,88
r_pentomino,50,dead,209,79
r_pentomino,50,dead,210,98
r_pentomino,50,dead,211,90
r_pentomino,50,dead,212,107
r_pentomino,50,dead,213,106
r_pentomino,50,dead,214,122
r_pentomino,50,dead,215,108
r_pentomino,50,dead,216,111
r_pentomino,50,dead,217,111
r_pentomino,50,dead,218,114
r_pentomino,50,dead,219,115
r_pentomino,50,dead,220,103
r_pentomino,50,dead,221,110
r_pentomino,50,dead,222,97
r_pentomino,50,dead,223,103
r_pentomino,50,dead,224,89
r_pentomino,50,dead,225,93
r_pentomino,50,dead,226,80
r_pentomino,50,dead,227,77
r_pentomino,50,dead,228,77
r_pentomino,50,dead,229,81
r_pentomino,50,dead,230,92
r_pentomino,50,dead,231,85
r_pentomino,50,dead,232,110
r_pentomino,50,dead,233,97
r_pentomino,50,dead,234,102
r_pentomino,50,dead,235,107
r_pentomino,50,dead,236,104
r_pentomino,50,dead,237,101
r_pentomino,50,dead,238,106
r_pentomino,50,dead,239,109
r_pentomino,50,dead,240,107
r_pentomino,50,dead,241,108
r_pentomino,50,dead,242,116
r_pentomino,50,dead,243,99
r_pentomino,50,dead,244,98
r_pentomino,50,dead,245,93
r_pentomino,50,dead,246,95
r_pentomino,50,dead,247,87
r_pentomino,50,dead,248,80
r_pentomino,50,dead,249,79
r_pentomino,50,dead,250,82
r_pentomino,50,dead,251,82
r_pentomino,50,dead,252,90
r_pentomino,50,dead,253,90
r_pentomino,50,dead,254,97
r_pentomino,50,dead,255,94
r_pentomino,50,dead,256,102
r_pentomino,50,dead,257,96
r_pentomino,50,dead,258,100
r_pentomino,50,dead,259,110
r_pentomino,50,dead,260,111
r_pentomino,50,dead,261,109
r_pentomino,50,dead,262,99
r_pentomino,50,dead,263,105
r_pentomino,50,dead,264,110
r_pentomino,50,dead,265,105
r_pentomino,50,dead,266,114
r_pentomino,50,dead,267,124
r_pentomino,50,dead,268,115
r_pentomino,50,dead,269,115
r_pentomino,50,dead,270,107
r_pentomino,50,dead,271,120
r_pentomino,50,dead,272,119
r_pentomino,50,dead,273,123
r_pentomino,50,dead,274,134
r_pentomino,50,dead,275,118
r_pentomino,50,dead,276,123
r_pentomino,50,dead,277,114
r_pentomino,50,dead,278,107
r_pentomino,50,dead,279,110
r_pentomino,50,dead,280,107
r_pentomino,50,dead,281,117
r_pentomino,50,dead,282,116
r_pentomino,50,dead,283,126
r_pentomino,50,dead,284,140
r_pentomino,50,dead,285,119
r_pentomino,50,dead,286,135
r_pentomino,50,dead,287,109
r_pentomino,50,dead,288,103
r_pentomino,50,dead,289,114
r_pentomino,50,dead,290,109
r_pentomino,50,dead,291,104
r_pentomino,50,dead,292,104
r_pentomino,50,dead,293,102
r_pentomino,50,dead,294,104
r_pentomino,50,dead,295,106
r_pentomino,50,dead,296,99
r_pentomino,50,dead,297,97
r_pentomino,50,dead,298,103
r_pentomino,50,dead,299,117
r_pentomino,50,dead,300,124
r_pentomino,100,dead,0,5
r_pentomino,100,dead,1,6
r_pentomino,100,dead,2,7
r_pentomino,100,dead,3,9
r_pentomino,100,dead,4,8
r_pentomino,100,dead,5,9
r_pentomino,100,dead,6,12
r_pentomino,100,dead,7,11
r_pentomino,100,dead,8,18
r_pentomino,100,dead,9,11
r_pentomino,100,dead,10,11
r_pentomino,100,dead,11,10
r_pentomino,100,dead,12,13
r_pentomino,100,dead,13,16
r_pentomino,100,dead,14,19
r_pentomino,100,dead,15,19
r_pentomino,100,dead,16,23
r_pentomino,100,dead,17,25
r_pentomino,100,dead,18,35
r_pentomino,100,dead,19,25
r_pentomino,100,dead,20,32
r_pentomino,100,dead,21,27
r_pentomino,100,dead,22,37
r_pentomino,100,dead,23,30
r_pentomino,100,dead,24,46
r_pentomino,100,dead,25,39
r_pentomino,100,dead,26,45
r_pentomino,100,dead,27,30
r_pentomino,100,dead,28,31
r_pentomino,100,dead,29,29
r_pentomino,100,dead,30,27
r_pentomino,100,dead,31,32
r_pentomino,100,dead,32,32
r_pentomino,100,dead,33,39
r_pentomino,100,dead,34,34
r_pentomino,100,dead,35,29
r_pentomino,100,dead,36,34
r_pentomino,100,dead,37,31
r_pentomino,100,dead,38,34
r_pentomino,100,dead,39,36
r_pentomino,100,dead,40,33
r_pentomino,100,dead,41,31
r_pentomino,100,dead,42,29
r_pentomino,100,dead,43,34
r_pentomino,100,dead,44,31
r_pentomino,100,dead,45,42
r_pentomino,100,dead,46,37
r_pentomino,100,dead,47,36
r_pentomino,100,dead,48,45
r_pentomino,100,dead,49,48
r_pentomino,100,dead,50,64
r_pentomino,100,dead,51,45
r_pentomino,100,dead,52,60
r_pentomino,100,dead,53,50
r_pentomino,100,dead,54,67
r_pentomino,100,dead,55,58
r_pentomino,100,dead,56,66
r_pentomino,100,dead,57,68
r_pentomino,100,dead,58,72
r_pentomino,100,dead,59,72
r_pentomino,100,dead,60,79
r_pentomino,100,dead,61,75
r_pentomino,100,dead,62,80
r_pentomino,100,dead,63,67
r_pentomino,100,dead,64,69
r_pentomino,100,dead,65,73
r_pentomino,100,dead,66,65
r_pentomino,100,dead,67,56
r_pentomino,100,dead,68,61
r_pentomino,100,dead,69,52
r_pentomino,100,dead,70,53
r_pentomino,100,dead,71,60
r_pentomino,100,dead,72,65
r_pentomino,100,dead,73,70
r_pentomino,100,dead,74,71
r_pentomino,100,dead,75,73
r_pentomino,100,dead,76,65
r_pentomino,100,dead,77,69
r_pentomino,100,dead,78,77
r_pentomino,100,dead,79,75
r_pentomino,100,dead,80,67
r_pentomino,100,dead,81,77
r_pentomino,100,dead,82,77
r_pentomino,100,dead,83,73
r_pentomino,100,dead,84,84
r_pentomino,100,dead,85,74
r_pentomino,100,dead,86,87
r_pentomino,100,dead,87,95
r_pentomino,100,dead,88,90
r_pentomino,100,dead,89,97
r_pentomino,100,dead,90,98
r_pentomino,100,dead,91,92
r_pentomino,100,dead,92,103
r_pentomino,100,dead,93,93
r_pentomino,100,dead,94,97
r_pentomino,100,dead,95,100
r_pentomino,100,dead,96,95
r_pentomino,100,dead,97,114
r_pentomino,100,dead,98,108
r_pentomino,100,dead,99,121
r_pentomino,100,dead,100,121
r_pentomino,100,dead,101,124
r_pentomino,100,dead,102,125
r_pentomino,100,dead,103,123
r_pentomino,100,dead,104,132
r_pentomino,100,dead,105,138
r_pentomino,100,dead,106,150
r_pentomino,100,dead,107,163
r_pentomino,100,dead,108,152
r_pentomino,100,dead,109,139
r_pentomino,100,dead,110,145
r_pentomino,100,dead,111,138
r_pentomino,100,dead,112,144
r_pentomino,100,dead,113,153
r_pentomino,100,dead,114,152
r_pentomino,100,dead,115,144
r_pentomino,100,dead,116,135
r_pentomino,100,dead,117,140
r_pentomino,100,dead,118,137
r_pentomino,100,dead,119,152
r_pentomino,100,dead,120,148
r_pentomino,100,dead,121,146
r_pentomino,100,dead,122,147
r_pentomino,100,dead,123,172
r_pentomino,100,dead,124,167
r_pentomino,100,dead,125,173
r_pentomino,100,dead,126,161
r_pentomino,100,dead,127,168
r_pentomino,100,dead,128,164
r_pentomino,100,dead,129,163
r_pentomino,100,dead,130,178
r_pentomino,100,dead,131,174
r_pentomino,100,dead,132,174
r_pentomino,100,dead,133,179
r_pentomino,100,dead,134,162
r_pentomino,100,dead,135,188
r_pentomino,100,dead,136,167
r_pentomino,100,dead,137,177
r_pentomino,100,dead,138,161
r_pentomino,100,dead,139,176
r_pentomino,100,dead,140,182
r_pentomino,100,dead,141,174
r_pentomino,100,dead,142,167
r_pentomino,100,dead,143,180
r_pentomino,100,dead,144,188
r_pentomino,100,dead,145,195
r_pentomino,100,dead,146,197
r_pentomino,100,dead,147,199
r_pentomino,100,dead,148,221
r_pentomino,100,dead,149,221
r_pentomino,100,dead,150,214
r_pentomino,100,dead,151,188
r_pentomino,100,dead,152,195
r_pentomino,100,dead,153,209
r_pentomino,100,dead,154,204
r_pentomino,100,dead,155,183
r_pentomino,100,dead,156,188
r_pentomino,100,dead,157,189
r_pentomino,100,dead,158,185
r_pentomino,100,dead,159,189
r_pentomino,100,dead,160,185
r_pentomino,100,dead,161,192
r_pentomino,100,dead,162,179
r_pentomino,100,dead,163,186
r_pentomino,100,dead,164,173
r_pentomino,100,dead,165,174
r_pentomino,100,dead,166,184
r_pentomino,100,dead,167,206
r_pentomino,100,dead,168,181
r_pentomino,100,dead,169,184
r_pentomino,100,dead,170,165
r_pentomino,100,dead,171,164
r_pentomino,100,dead,172,155
r_pentomino,100,dead,173,168
r_pentomino,100,dead,174,140
r_pentomino,100,dead,175,149
r_pentomino,100,dead,176,141
r_pentomino,100,dead,177,160
r_pentomino,100,dead,178,162
r_pentomino,100,dead,179,140
r_pentomino,100,dead,180,152
r_pentomino,100,dead,181,133
r_pentomino,100,dead,182,142
r_pentomino,100,dead,183,133
r_pentomino,100,dead,184,135
r_pentomino,100,dead,185,147
r_pentomino,100,dead,186,149
r_pentomino,100,dead,187,142
r_pentomino,100,dead,188,147
r_pentomino,100,dead,189,147
r_pentomino,100,dead,190,145
r_pentomino,100,dead,191,155
r_pentomino,100,dead,192,146
r_pentomino,100,dead,193,151
r_pentomino,100,dead,194,132
r_pentomino,100,dead,195,131
r_pentomino,100,dead,196,122
r_pentomino,100,dead,197,143
r_pentomino,100,dead,198,119
r_pentomino,100,dead,199,137
r_pentomino,100,dead,200,120
r_pentomino,100,dead,201,130
r_pentomino,100,dead,202,119
r_pentomino,100,dead,203,117
r_pentomino,100,dead,204,115
r_pentomino,100,dead,205,125
r_pentomino,100,dead,206,118
r_pentomino,100,dead,207,131
r_pentomino,100,dead,208,114
r_pentomino,100,dead,209,119
r_pentomino,100,dead,210,111
r_pentomino,100,dead,211,128
r_pentomino,100,dead,212,110
r_pentomino,100,dead,213,118
r_pentomino,100,dead,214,102
r_pentomino,100,dead,215,108
r_pentomino,100,dead,216,109
r_pentomino,100,dead,217,102
r_pentomino,100,dead,218,110
r_pentomino,100,dead,219,110
r_pentomino,100,dead,220,108
r_pentomino,100,dead,221,101
r_pentomino,100,dead,222,109
r_pentomino,100,dead,223,109
r_pentomino,100,dead,224,105
r_pentomino,100,dead,225,128
r_pentomino,100,dead,226,105
r_pentomino,100,dead,227,119
r_pentomino,100,dead,228,113
r_pentomino,100,dead,229,127
r_pentomino,100,dead,230,126
r_pentomino,100,dead,231,130
r_pentomino,100,dead,232,123
r_pentomino,100,dead,233,131
r_pentomino,100,dead,234,136
r_pentomino,100,dead,235,149
r_pentomino,100,dead,236,148
r_pentomino,100,dead,237,134
r_pentomino,100,dead,238,139
r_pentomino,100,dead,239,124
r_pentomino,100,dead,240,126
r_pentomino,100,dead,241,132
r_pentomino,100,dead,242,124
r_pentomino,100,dead,243,143
r_pentomino,100,dead,244,133
r_pentomino,100,dead,245,147
r_pentomino,100,dead,246,135
r_pentomino,100,dead,247,159
r_pentomino,100,dead,248,144
r_pentomino,100,dead,249,153
r_pentomino,100,dead,250,143
r_pentomino,100,dead,251,158
r_pentomino,100,dead,252,152
r_pentomino,100,dead,253,154
r_pentomino,100,dead,254,151
r_pentomino,100,dead,255,130
r_pentomino,100,dead,256,140
r_pentomino,100,dead,257,130
r_pentomino,100,dead,258,131
r_pentomino,100,dead,259,142
r_pentomino,100,dead,260,145
r_pentomino,100,dead,261,152
r_pentomino,100,dead,262,140
r_pentomino,100,dead,263,145
r_pentomino,100,dead,264,153
r_pentomino,100,dead,265,162
r_pentomino,100,dead,266,162
r_pentomino,100,dead,267,165
r_pentomino,100,dead,268,163
r_pentomino,100,dead,269,156
r_pentomino,100,dead,270,165
r_pentomino,100,dead,271,154
r_pentomino,100,dead,272,167
r_pentomino,100,dead,273,151
r_pentomino,100,dead,274,160
r_pentomino,100,dead,275,150
r_pentomino,100,dead,276,157
r_pentomino,100,dead,277,157
r_pentomino,100,dead,278,174
r_pentomino,100,dead,279,164
r_pentomino,100,dead,280,190
r_pentomino,100,dead,281,168
r_pentomino,100,dead,282,177
r_pentomino,100,dead,283,148
r_pentomino,100,dead,284,140
r_pentomino,100,dead,285,139
r_pentomino,100,dead,286,143
r_pentomino,100,dead,287,147
r_pentomino,100,dead,288,146
r_pentomino,100,dead,289,144
r_pentomino,100,dead,290,146
r_pentomino,100,dead,291,147
r_pentomino,100,dead,292,156
r_pentomino,100,dead,293,156
r_pentomino,100,dead,294,162
r_pentomino,100,dead,295,162
r_pentomino,100,dead,296,156
r_pentomino,100,dead,297,173
r_pentomino,100,dead,298,167
r_pentomino,100,dead,299,158
r_pentomino,100,dead,300,165
r_pentomino,200,dead,0,5
r_pentomino,200,dead,1,6
r_pentomino,200,dead,2,7
r_pentomino,200,dead,3,9
r_pentomino,200,dead,4,8
r_pentomino,200,dead,5,9
r_pentomino,200,dead,6,12
r_pentomino,200,dead,7,11
r_pentomino,200,dead,8,18
r_pentomino,200,dead,9,11
r_pentomino,200,dead,10,11
r_pentomino,200,dead,11,10
r_pentomino,200,dead,12,13
r_pentomino,200,dead,13,16
r_pentomino,200,dead,14,19
r_pentomino,200,dead,15,19
r_pentomino,200,dead,16,23
r_pentomino,200,dead,17,25
r_pentomino,200,dead,18,35
r_pentomino,200,dead,19,25
r_pentomino,200,dead,20,32
r_pentomino,200,dead,21,27
r_pentomino,200,dead,22,37
r_pentomino,200,dead,23,30
r_pentomino,200,dead,24,46
r_pentomino,200,dead,25,39
r_pentomino,200,dead,26,45
r_pentomino,200,dead,27,30
r_pentomino,200,dead,28,31
r_pentomino,200,dead,29,29
r_pentomino,200,dead,30,27
r_pentomino,200,dead,31,32
r_pentomino,200,dead,32,32
r_pentomino,200,dead,33,39
r_pentomino,200,dead,34,34
r_pentomino,200,dead,35,29
r_pentomino,200,dead,36,34
r_pentomino,200,dead,37,31
r_pentomino,200,dead,38,34
r_pentomino,200,dead,39,36
r_pentomino,200,dead,40,33
r_pentomino,200,dead,41,31
r_pentomino,200,dead,42,29
r_pentomino,200,dead,43,34
r_pentomino,200,dead,44,31
r_pentomino,200,dead,45,42
r_pentomino,200,dead,46,37
r_pentomino,200,dead,47,36
r_pentomino,200,dead,48,45
r_pentomino,200,dead,49,48
r_pentomino,200,dead,50,64
r_pentomino,200,dead,51,45
r_pentomino,200,dead,52,60
r_pentomino,200,dead,53,50
r_pentomino,200,dead,54,67
r_pentomino,200,dead,55,58
r_pentomino,200,dead,56,66
r_pentomino,200,dead,57,68
r_pentomino,200,dead,58,72
r_pentomino,200,dead,59,72
r_pentomino,200,dead,60,79
r_pentomino,200,dead,61,75
r_pentomino,200,dead,62,80
r_pentomino,200,dead,63,67
r_pentomino,200,dead,64,69
r_pentomino,200,dead,65,73
r_pentomino,200,dead,66,65
r_pentomino,200,dead,67,56
r_pentomino,200,dead,68,61
r_pentomino,200,dead,69,52
r_pentomino,200,dead,70,53
r_pentomino,200,dead,71,60
r_pentomino,200,dead,72,65
r_pentomino,200,dead,73,70
r_pentomino,200,dead,74,71
r_pentomino,200,dead,75,73
r_pentomino,200,dead,76,65
r_pentomino,200,dead,77,69
r_pentomino,200,dead,78,77
r_pentomino,200,dead,79,75
r_pentomino,200,dead,80,67
r_pentomino,200,dead,81,77
r_pentomino,200,dead,82,77
r_pentomino,200,dead,83,73
r_pentomino,200,dead,84,84
r_pentomino,200,dead,85,74
r_pentomino,200,dead,86,87
r_pentomino,200,dead,87,95
r_pentomino,200,dead,88,90
r_pentomino,200,dead,89,97
r_pentomino,200,dead,90,98
r_pentomino,200,dead,91,92
r_pentomino,200,dead,92,103
r_pentomino,200,dead,93,93
r_pentomino,200,dead,94,97
r_pentomino,200,dead,95,100
r_pentomino,200,dead,96,95
r_pentomino,200,dead,97,114
r_pentomino,200,dead,98,108
r_pentomino,200,dead,99,121
r_pentomino,200,dead,100,121
r_pentomino,200,dead,101,124
r_pentomino,200,dead,102,125
r_pentomino,200,dead,103,123
r_pentomino,200,dead,104,132
r_pentomino,200,dead,105,138
r_pentomino,200,dead,106,150
r_pentomino,200,dead,107,163
r_pentomino,200,dead,108,152
r_pentomino,200,dead,109,139
r_pentomino,200,dead,110,145
r_pentomino,200,dead,111,138
r_pentomino,200,dead,112,144
r_pentomino,200,dead,113,153
r_pentomino,200,dead,114,152
r_pentomino,200,dead,115,144
r_pentomino,200,dead,116,135
r_pentomino,200,dead,117,140
r_pentomino,200,dead,118,137
r_pentomino,200,dead,119,152
r_pentomino,200,dead,120,148
r_pentomino,200,dead,121,146
r_pentomino,200,dead,122,147
r_pentomino,200,dead,123,172
r_pentomino,200,dead,124,167
r_pentomino,200,dead,125,173
r_pentomino,200,dead,126,161
r_pentomino,200,dead,127,168
r_pentomino,200,dead,128,164
r_pentomino,200,dead,129,163
r_pentomino,200,dead,130,178
r_pentomino,200,dead,131,174
r_pentomino,200,dead,132,174
r_pentomino,200,dead,133,179
r_pentomino,200,dead,134,162
r_pentomino,200,dead,135,188
r_pentomino,200,dead,136,167
r_pentomino,200,dead,137,177
r_pentomino,200,dead,138,161
r_pentomino,200,dead,139,176
r_pentomino,200,dead,140,182
r_pentomino,200,dead,141,174
r_pentomino,200,dead,142,167
r_pentomino,200,dead,143,180
r_pentomino,200,dead,144,188
r_pentomino,200,dead,145,195
r_pentomino,200,dead,146,197
r_pentomino,200,dead,147,199
r_pentomino,200,dead,148,221
r_pentomino,200,dead,149,221
r_pentomino,200,dead,150,214
r_pentomino,200,dead,151,188
r_pentomino,200,dead,152,195
r_pentomino,200,dead,153,209
r_pentomino,200,dead,154,204
r_pentomino,200,dead,155,183
r_pentomino,200,dead,156,188
r_pentomino,200,dead,157,189
r_pentomino,200,dead,158,185
r_pentomino,200,dead,159,189
r_pentomino,200,dead,160,185
r_pentomino,200,dead,161,192
r_pentomino,200,dead,162,179
r_pentomino,200,dead,163,186
r_pentomino,200,dead,164,173
r_pentomino,200,dead,165,174
r_pentomino,200,dead,166,184
r_pentomino,200,dead,167,206
r_pentomino,200,dead,168,181
r_pentomino,200,dead,169,184
r_pentomino,200,dead,170,165
r_pentomino,200,dead,171,164
r_pentomino,200,dead,172,155
r_pentomino,200,dead,173,168
r_pentomino,200,dead,174,140
r_pentomino,200,dead,175,149
r_pentomino,200,dead,176,141
r_pentomino,200,dead,177,160
r_pentomino,200,dead,178,162
r_pentomino,200,dead,179,140
r_pentomino,200,dead,180,152
r_pentomino,200,dead,181,133
r_pentomino,200,dead,182,142
r_pentomino,200,dead,183,133
r_pentomino,200,dead,184,135
r_pentomino,200,dead,185,147
r_pentomino,200,dead,186,149
r_pentomino,200,dead,187,142
r_pentomino,200,dead,188,147
r_pentomino,200,dead,189,147
r_pentomino,200,dead,190,145
r_pentomino,200,dead,191,155
r_pentomino,200,dead,192,146
r_pentomino,200,dead,193,151
r_pentomino,200,dead,194,132
r_pentomino,200,dead,195,131
r_pentomino,200,dead,196,122
r_pentomino,200,dead,197,143
r_pentomino,200,dead,198,119
r_pentomino,200,dead,199,137
r_pentomino,200,dead,200,120
r_pentomino,200,dead,201,130
r_pentomino,200,dead,202,119
r_pentomino,200,dead,203,117
r_pentomino,200,dead,204,115
r_pentomino,200,dead,205,125
r_pentomino,200,dead,206,118
r_pentomino,200,dead,207,131
r_pentomino,200,dead,208,114
r_pentomino,200,dead,209,119
r_pentomino,200,dead,210,111
r_pentomino,200,dead,211,128
r_pentomino,200,dead,212,110
r_pentomino,200,dead,213,118
r_pentomino,200,dead,214,102
r_pentomino,200,dead,215,108
r_pentomino,200,dead,216,109
r_pentomino,200,dead,217,102
r_pentomino,200,dead,218,110
r_pentomino,200,dead,219,110
r_pentomino,200,dead,220,108
r_pentomino,200,dead,221,101
r_pentomino,200,dead,222,109
r_pentomino,200,dead,223,109
r_pentomino,200,dead,224,105
r_pentomino,200,dead,225,128
r_pentomino,200,dead,226,105
r_pentomino,200,dead,227,119
r_pentomino,200,dead,228,113
r_pentomino,200,dead,229,127
r_pentomino,200,dead,230,126
r_pentomino,200,dead,231,130
r_pentomino,200,dead,232,123
r_pentomino,200,dead,233,131
r_pentomino,200,dead,234,136
r_pentomino,200,dead,235,149
r_pentomino,200,dead,236,148
r_pentomino,200,dead,237,134
r_pentomino,200,dead,238,139
r_pentomino,200,dead,239,124
r_pentomino,200,dead,240,126
r_pentomino,200,dead,241,132
r_pentomino,200,dead,242,124
r_pentomino,200,dead,243,143
r_pentomino,200,dead,244,133
r_pentomino,200,dead,245,148
r_pentomino,200,dead,246,137
r_pentomino,200,dead,247,160
r_pentomino,200,dead,248,145
r_pentomino,200,dead,249,154
r_pentomino,200,dead,250,144
r_pentomino,200,dead,251,159
r_pentomino,200,dead,252,153
r_pentomino,200,dead,253,155
r_pentomino,200,dead,254,152
r_pentomino,200,dead,255,131
r_pentomino,200,dead,256,141
r_pentomino,200,dead,257,131
r_pentomino,200,dead,258,132
r_pentomino,200,dead,259,143
r_pentomino,200,dead,260,146
r_pentomino,200,dead,261,153
r_pentomino,200,dead,262,141
r_pentomino,200,dead,263,146
r_pentomino,200,dead,264,154
r_pentomino,200,dead,265,163
r_pentomino,200,dead,266,164
r_pentomino,200,dead,267,168
r_pentomino,200,dead,268,165
r_pentomino,200,dead,269,158
r_pentomino,200,dead,270,168
r_pentomino,200,dead,271,158
r_pentomino,200,dead,272,170
r_pentomino,200,dead,273,154
r_pentomino,200,dead,274,163
r_pentomino,200,dead,275,153
r_pentomino,200,dead,276,160
r_pentomino,200,dead,277,160
r_pentomino,200,dead,278,177
r_pentomino,200,dead,279,167
r_pentomino,200,dead,280,193
r_pentomino,200,dead,281,171
r_pentomino,200,dead,282,180
r_pentomino,200,dead,283,151
r_pentomino,200,dead,284,143
r_pentomino,200,dead,285,142
r_pentomino,200,dead,286,146
r_pentomino,200,dead,287,150
r_pentomino,200,dead,288,149
r_pentomino,200,dead,289,147
r_pentomino,200,dead,290,149
r_pentomino,200,dead,291,150
r_pentomino,200,dead,292,159
r_pentomino,200,dead,293,159
r_pentomino,200,dead,294,165
r_pentomino,200,dead,295,165
r_pentomino,200,dead,296,159
r_pentomino,200,dead,297,176
r_pentomino,200,dead,298,170
r_pentomino,200,dead,299,161
r_pentomino,200,dead,300,168
