mutation,rule,initial_density,repeat,seed,mean_density,final_density,activity,late_activity,growth,extinct
original,B126/S35678,0.1,0,22261030,0.7950289735099337,0.95125,0.11330833333333333,0.0,0.5830328511676539,False
add B0,B0126/S35678,0.1,0,22261030,0.9149337748344367,0.924375,0.008620833333333333,0.0,0.05346592889508482,False
remove B1,B26/S35678,0.1,0,22261030,0.3033816225165563,0.301875,0.4058791666666667,0.4128541666666667,0.04439384367375392,False
remove B2,B16/S35678,0.1,0,22261030,0.2684105960264901,0.271875,0.3686208333333333,0.3673125,0.0013322368421051782,False
add B3,B1236/S35678,0.1,0,22261030,0.8782947019867554,0.9,0.022708333333333323,0.0012500000000000002,0.1253750217845929,False
add B4,B1246/S35678,0.1,0,22261030,0.8898344370860924,0.91125,0.020516666666666666,0.0,0.12115676193795716,False
add B5,B1256/S35678,0.1,0,22261030,0.9109064569536426,0.9325,0.019975,0.0,0.12315135935866119,False
remove B6,B12/S35678,0.1,0,22261030,0.40928807947019863,0.425,0.39964166666666673,0.39625000000000005,0.011066355873126444,False
add B7,B1267/S35678,0.1,0,22261030,0.89926738410596,0.989375,0.05957916666666667,0.0,0.41866972377134903,False
add B8,B1268/S35678,0.1,0,22261030,0.8341970198675499,0.965,0.09180833333333334,0.0,0.5395660508888109,False
add S0,B126/S035678,0.1,0,22261030,0.8930132450331127,0.948125,0.03675416666666667,0.0,0.26495664865806895,False
add S1,B126/S135678,0.1,0,22261030,0.8834561258278149,0.946875,0.0422125,0.0,0.310085068839316,False
add S2,B126/S235678,0.1,0,22261030,0.8220405629139076,0.946875,0.0684375,0.0,0.49563948675496644,False
remove S3,B126/S5678,0.1,0,22261030,0.37734685430463577,0.361875,0.5395875,0.5407916666666668,0.002512852910421699,False
add S4,B126/S345678,0.1,0,22261030,0.821212748344371,0.83375,0.008,0.0,0.07252113105611595,False
remove S5,B126/S3678,0.1,0,22261030,0.3855091059602649,0.40125,0.5203583333333334,0.522,0.010661162425932208,False
remove S6,B126/S3578,0.1,0,22261030,0.39712748344370863,0.409375,0.4670208333333333,0.4671666666666666,0.00836528407110479,False
remove S7,B126/S3568,0.1,0,22261030,0.4205629139072847,0.40125,0.4217583333333334,0.42233333333333334,0.017076616416869403,False
remove S8,B126/S3567,0.1,0,22261030,0.44982201986754966,0.46,0.383375,0.38566666666666677,0.0038192750087138252,False
original,B126/S35678,0.1,1,22261031,0.8426862582781458,0.965,0.08437083333333333,0.0,0.5101385500174274,False
add B0,B0126/S35678,0.1,1,22261031,0.9013824503311257,0.9075,0.007162499999999999,0.0,0.0360684254095504,False
remove B1,B26/S35678,0.1,1,22261031,0.30282698675496694,0.305,0.4072541666666667,0.4121041666666666,0.026951572847681956,False
remove B2,B16/S35678,0.1,1,22261031,0.2695281456953642,0.264375,0.36828333333333335,0.3681666666666667,0.0020066878703380374,False
add B3,B1236/S35678,0.1,1,22261031,0.8877649006622513,0.909375,0.0205,0.0,0.12114042349250563,False
add B4,B1246/S35678,0.1,1,22261031,0.8872019867549668,0.905625,0.018658333333333332,0.0,0.10493758713837593,False
add B5,B1256/S35678,0.1,1,22261031,0.9127980132450334,0.93125,0.0178875,0.0,0.10564308121296595,False
remove B6,B12/S35678,0.1,1,22261031,0.4107201986754967,0.414375,0.3972666666666667,0.39535416666666656,0.0028709916347153374,False
add B7,B1267/S35678,0.1,1,22261031,0.9127235099337746,0.975625,0.04250833333333333,0.0,0.3135831300104561,False
add B8,B1268/S35678,0.1,1,22261031,0.8506581125827817,0.97875,0.08672916666666666,0.0,0.5196599424886719,False
add S0,B126/S035678,0.1,1,22261031,0.8997764900662254,0.964375,0.04106666666666667,0.0,0.3027213314743809,False
add S1,B126/S135678,0.1,1,22261031,0.8723344370860925,0.955,0.0543125,0.0,0.3770449198326938,False
add S2,B126/S235678,0.1,1,22261031,0.8624544701986757,0.934375,0.04309166666666667,0.0,0.34457781456953623,False
remove S3,B126/S5678,0.1,1,22261031,0.37969784768211917,0.38875,0.5393208333333332,0.5356041666666667,0.004877352736144584,False
add S4,B126/S345678,0.1,1,22261031,0.8024668874172185,0.811875,0.007866666666666666,0.0006250000000000001,0.056554221854304226,False
remove S5,B126/S3678,0.1,1,22261031,0.3879635761589404,0.38375,0.5196958333333334,0.5174791666666667,0.005606700941094298,False
remove S6,B126/S3578,0.1,1,22261031,0.3984188741721855,0.4125,0.4687041666666667,0.46483333333333327,0.006457280411292579,False
remove S7,B126/S3568,0.1,1,22261031,0.4195115894039735,0.42,0.4230291666666667,0.42127083333333337,0.003882014639246811,False
remove S8,B126/S3567,0.1,1,22261031,0.4506746688741722,0.471875,0.38225833333333337,0.3870624999999999,0.0005643299058903285,False
original,B126/S35678,0.1,2,22261032,0.8094288079470201,0.9475,0.10129999999999999,0.001666666666666667,0.5490325461833389,False
add B0,B0126/S35678,0.1,2,22261032,0.917483443708609,0.924375,0.0073875,0.0,0.04038504269780342,False
remove B1,B26/S35678,0.1,2,22261032,0.30193708609271525,0.288125,0.40592083333333334,0.40843749999999995,0.03205504966887383,False
remove B2,B16/S35678,0.1,2,22261032,0.2673634105960265,0.253125,0.36837083333333337,0.36872916666666666,0.011440506273962791,False
add B3,B1236/S35678,0.1,2,22261032,0.8886465231788077,0.91375,0.023683333333333337,0.0,0.14035149442314393,False
add B4,B1246/S35678,0.1,2,22261032,0.8878849337748341,0.90875,0.020733333333333333,0.0,0.11875010892296922,False
add B5,B1256/S35678,0.1,2,22261032,0.9031208609271519,0.92625,0.02140833333333333,0.0,0.1313065310212611,False
remove B6,B12/S35678,0.1,2,22261032,0.4081001655629139,0.40875,0.40001666666666663,0.39679166666666654,0.01324655803415805,False
add B7,B1267/S35678,0.1,2,22261032,0.9007284768211918,0.97375,0.05075,0.0,0.3640074939003135,False
add B8,B1268/S35678,0.1,2,22261032,0.84135761589404,0.976875,0.09172916666666665,0.0,0.5510150531544091,False
add S0,B126/S035678,0.1,2,22261032,0.8784933774834436,0.943125,0.0440875,0.0,0.31474021871732233,False
add S1,B126/S135678,0.1,2,22261032,0.8645447019867553,0.96375,0.06294999999999999,0.0,0.4406906805507142,False
add S2,B126/S235678,0.1,2,22261032,0.8242549668874171,0.955,0.07037500000000001,0.0,0.5225989020564653,False
remove S3,B126/S5678,0.1,2,22261032,0.37838576158940396,0.415625,0.5396458333333334,0.5398541666666665,0.008675387765771958,False
add S4,B126/S345678,0.1,2,22261032,0.8104966887417218,0.82375,0.009341666666666665,0.0012500000000000002,0.0730452683861966,False
remove S5,B126/S3678,0.1,2,22261032,0.3866514900662251,0.365,0.5196666666666666,0.5181041666666667,0.012002875566399344,False
remove S6,B126/S3578,0.1,2,22261032,0.39839817880794703,0.405,0.466625,0.46477083333333324,0.006100448762634916,False
remove S7,B126/S3568,0.1,2,22261032,0.4200538079470199,0.410625,0.4227625,0.42079166666666673,0.016663253746950088,False
remove S8,B126/S3567,0.1,2,22261032,0.4451779801324503,0.445,0.3866583333333333,0.37950000000000006,0.014005642209828584,False
original,B126/S35678,0.1,3,22261033,0.7824379139072847,0.95375,0.12352083333333333,0.0,0.5957997124433598,False
add B0,B0126/S35678,0.1,3,22261033,0.9013286423841058,0.9075,0.010312500000000002,0.0029166666666666672,0.03981483095155011,False
remove B1,B26/S35678,0.1,3,22261033,0.3025745033112583,0.305,0.40456249999999994,0.40795833333333337,0.037710439177413645,False
remove B2,B16/S35678,0.1,3,22261033,0.2697557947019868,0.289375,0.36780833333333335,0.36912500000000004,0.0008502527012894286,False
add B3,B1236/S35678,0.1,3,22261033,0.8803228476821194,0.90125,0.022145833333333323,0.0012500000000000002,0.12106134541652117,False
add B4,B1246/S35678,0.1,3,22261033,0.8923302980132454,0.914375,0.0215,0.0,0.1244005968978739,False
add B5,B1256/S35678,0.1,3,22261033,0.9182657284768211,0.938125,0.018541666666666668,0.0,0.11358421924015297,False
remove B6,B12/S35678,0.1,3,22261033,0.41105960264900654,0.41625,0.39707916666666665,0.39406250000000015,0.007012787556639562,False
add B7,B1267/S35678,0.1,3,22261033,0.8997806291390726,0.958125,0.04266666666666667,0.0,0.2997898875914951,False
add B8,B1268/S35678,0.1,3,22261033,0.8557284768211922,0.976875,0.08171666666666667,0.0,0.5144757537469501,False
add S0,B126/S035678,0.1,3,22261033,0.891328642384106,0.951875,0.04225833333333333,0.0,0.2963075113279889,False
add S1,B126/S135678,0.1,3,22261033,0.8738038079470197,0.955,0.05205416666666667,0.0,0.36692684733356484,False
add S2,B126/S235678,0.1,3,22261033,0.8400165562913904,0.958125,0.06255833333333334,0.0,0.49124085047054666,False
remove S3,B126/S5678,0.1,3,22261033,0.38197019867549664,0.376875,0.535875,0.5339791666666667,0.002256012547926151,False
add S4,B126/S345678,0.1,3,22261033,0.795248344370861,0.80625,0.009479166666666664,0.0018750000000000004,0.0620472072150567,False
remove S5,B126/S3678,0.1,3,22261033,0.3855546357615894,0.36875,0.5184041666666667,0.5181250000000001,0.00461855176019473,False
remove S6,B126/S3578,0.1,3,22261033,0.39816639072847676,0.406875,0.4656166666666667,0.46112499999999995,0.008704470198675072,False
remove S7,B126/S3568,0.1,3,22261033,0.42264072847682127,0.46,0.42135416666666664,0.418,0.019966233879400302,False
remove S8,B126/S3567,0.1,3,22261033,0.4505918874172185,0.473125,0.382925,0.3886666666666667,-0.0027017253398398614,False
original,B126/S35678,0.1,4,22261034,0.7768211920529804,0.94625,0.12447083333333334,0.0012500000000000002,0.6215085831300105,False
add B0,B0126/S35678,0.1,4,22261034,0.9170985099337746,0.92375,0.0073875,0.0,0.03901294004879657,False
remove B1,B26/S35678,0.1,4,22261034,0.3019288079470199,0.32875,0.40420416666666664,0.4074166666666666,0.051070712791913546,False
remove B2,B16/S35678,0.1,4,22261034,0.2686299668874172,0.2575,0.3682375,0.3691041666666666,0.005435800801673025,False
add B3,B1236/S35678,0.1,4,22261034,0.8862168874172183,0.909375,0.020999999999999998,0.0,0.13005892732659416,False
add B4,B1246/S35678,0.1,4,22261034,0.8955670529801328,0.9175,0.0209125,0.0,0.12450777710003409,False
add B5,B1256/S35678,0.1,4,22261034,0.9129801324503312,0.936875,0.021583333333333333,0.0,0.13566170704078043,False
remove B6,B12/S35678,0.1,4,22261034,0.4082574503311258,0.4175,0.39882083333333335,0.402,0.012168220634367146,False
add B7,B1267/S35678,0.1,4,22261034,0.899743377483444,0.961875,0.04359166666666666,0.0,0.3165998605785986,False
add B8,B1268/S35678,0.1,4,22261034,0.8588245033112581,0.9725,0.07732916666666667,0.0,0.4950761371558032,False
add S0,B126/S035678,0.1,4,22261034,0.8637748344370859,0.95875,0.06267083333333333,0.0,0.4069593063785286,False
add S1,B126/S135678,0.1,4,22261034,0.8378890728476819,0.94,0.07027916666666666,0.0,0.4444723771348894,False
add S2,B126/S235678,0.1,4,22261034,0.8269536423841056,0.92875,0.06129583333333334,0.0,0.4391744728128265,False
remove S3,B126/S5678,0.1,4,22261034,0.3792011589403974,0.390625,0.540075,0.5404166666666667,0.01201823370512319,False
add S4,B126/S345678,0.1,4,22261034,0.8151241721854305,0.828125,0.008016666666666667,0.0,0.0751790693621468,False
remove S5,B126/S3678,0.1,4,22261034,0.3854594370860927,0.368125,0.5197916666666667,0.5182916666666667,0.012513288602300159,False
remove S6,B126/S3578,0.1,4,22261034,0.39744205298013247,0.39125,0.46681249999999996,0.4696458333333334,0.013562543569187823,False
remove S7,B126/S3568,0.1,4,22261034,0.4228394039735099,0.42,0.4180125,0.4163541666666666,0.01144410073196202,False
remove S8,B126/S3567,0.1,4,22261034,0.4455587748344371,0.475625,0.38837499999999997,0.38612500000000005,0.020185495817357617,False
original,B126/S35678,0.1,5,22261035,0.808120860927152,0.9575,0.107,0.0,0.5599191791565005,False
add B0,B0126/S35678,0.1,5,22261035,0.9165769867549665,0.924375,0.007970833333333333,0.0,0.045085613454164716,False
remove B1,B26/S35678,0.1,5,22261035,0.30521109271523184,0.319375,0.4075125,0.4161458333333334,0.032298165737190326,False
remove B2,B16/S35678,0.1,5,22261035,0.26884933774834435,0.28875,0.36774999999999997,0.3637499999999999,0.004686192924363637,False
add B3,B1236/S35678,0.1,5,22261035,0.8921109271523183,0.9175,0.023783333333333333,0.0,0.1417017035552449,False
add B4,B1246/S35678,0.1,5,22261035,0.9009850993377483,0.92125,0.019033333333333333,0.0,0.11548960874869298,False
add B5,B1256/S35678,0.1,5,22261035,0.9064072847682122,0.93,0.02194166666666667,0.0,0.13392754444057045,False
remove B6,B12/S35678,0.1,5,22261035,0.41139486754966886,0.4225,0.39725,0.39225000000000004,0.018085678807947005,False
add B7,B1267/S35678,0.1,5,22261035,0.8978849337748342,0.9725,0.05156666666666667,0.0,0.36672490414778613,False
add B8,B1268/S35678,0.1,5,22261035,0.8166100993377485,0.98,0.11294166666666666,0.0,0.6237897568839316,False
add S0,B126/S035678,0.1,5,22261035,0.8765645695364241,0.9475,0.05,0.0037500000000000007,0.33076104478912544,False
add S1,B126/S135678,0.1,5,22261035,0.8703311258278145,0.954375,0.05592083333333332,0.0,0.3947071061345416,False
add S2,B126/S235678,0.1,5,22261035,0.8295074503311259,0.949375,0.06697916666666667,0.0,0.5021013419309864,False
remove S3,B126/S5678,0.1,5,22261035,0.37860927152317886,0.403125,0.5391041666666667,0.5418541666666667,0.008529975601254883,False
add S4,B126/S345678,0.1,5,22261035,0.7969784768211923,0.80875,0.007933333333333332,0.0,0.06816203380968941,False
remove S5,B126/S3678,0.1,5,22261035,0.3862293046357616,0.414375,0.5206208333333333,0.5206666666666666,0.007955842628093275,False
remove S6,B126/S3578,0.1,5,22261035,0.3976986754966888,0.394375,0.4676958333333334,0.4703750000000001,0.0076081605088876856,False
remove S7,B126/S3568,0.1,5,22261035,0.419805463576159,0.414375,0.4217291666666667,0.4194166666666667,0.015229065005228143,False
remove S8,B126/S3567,0.1,5,22261035,0.4495819536423841,0.434375,0.38444583333333326,0.38785416666666667,0.005425344196584132,False
original,B126/S35678,0.1,6,22261036,0.8404925496688742,0.969375,0.08823333333333333,0.0,0.5323150487974899,False
add B0,B0126/S35678,0.1,6,22261036,0.9204263245033113,0.9275,0.0074125,0.0,0.04149148222377081,False
remove B1,B26/S35678,0.1,6,22261036,0.30119205298013246,0.2975,0.4056791666666666,0.41054166666666675,0.03200962879051937,False
remove B2,B16/S35678,0.1,6,22261036,0.26995447019867547,0.26875,0.3678125,0.3680625,0.009733792262111882,False
add B3,B1236/S35678,0.1,6,22261036,0.8888534768211918,0.91,0.020970833333333327,0.0012500000000000002,0.12268538689438815,False
add B4,B1246/S35678,0.1,6,22261036,0.8895240066225163,0.909375,0.01905,0.0,0.11309929417915619,False
add B5,B1256/S35678,0.1,6,22261036,0.890894039735099,0.913125,0.0213,0.0,0.12631448239804732,False
remove B6,B12/S35678,0.1,6,22261036,0.41140314569536424,0.41,0.3966708333333333,0.39912499999999995,0.010567379749041301,False
add B7,B1267/S35678,0.1,6,22261036,0.9035057947019867,0.98375,0.054695833333333325,0.0,0.3858791172882532,False
add B8,B1268/S35678,0.1,6,22261036,0.8413990066225162,0.958125,0.08188333333333334,0.0,0.4910326986754962,False
add S0,B126/S035678,0.1,6,22261036,0.8709519867549667,0.9575,0.058004166666666655,0.0,0.38904289386545826,False
add S1,B126/S135678,0.1,6,22261036,0.8482119205298015,0.96625,0.07452916666666667,0.0,0.48331866504008325,False
add S2,B126/S235678,0.1,6,22261036,0.8229221854304637,0.951875,0.07100833333333334,0.0,0.5183888114325547,False
remove S3,B126/S5678,0.1,6,22261036,0.3784809602649007,0.420625,0.5387916666666667,0.5388333333333334,0.014005642209828896,False
add S4,B126/S345678,0.1,6,22261036,0.8306622516556292,0.84375,0.008070833333333334,0.0,0.07578783983966565,False
remove S5,B126/S3678,0.1,6,22261036,0.38643625827814576,0.369375,0.5200333333333333,0.5224791666666666,0.01228749128616222,False
remove S6,B126/S3578,0.1,6,22261036,0.3969039735099338,0.405,0.4665291666666667,0.466875,0.012295006971069717,False
remove S7,B126/S3568,0.1,6,22261036,0.42158526490066234,0.435,0.4200041666666667,0.42143749999999996,0.01166663035900974,False
remove S8,B126/S3567,0.1,6,22261036,0.45043460264900664,0.45,0.3820458333333333,0.37897916666666664,0.013044288079469907,False
original,B126/S35678,0.1,7,22261037,0.8193956953642385,0.9675,0.102075,0.0,0.5407332694318575,False
add B0,B0126/S35678,0.1,7,22261037,0.9032243377483442,0.91125,0.009833333333333331,0.0012500000000000002,0.046544963401881224,False
remove B1,B26/S35678,0.1,7,22261037,0.30103062913907286,0.3125,0.407175,0.40672916666666664,0.03394508103868915,False
remove B2,B16/S35678,0.1,7,22261037,0.26915976821192056,0.265625,0.3678291666666667,0.3672916666666666,0.0052436606831646445,False
add B3,B1236/S35678,0.1,7,22261037,0.8935720198675499,0.91625,0.021316666666666664,0.0,0.12662458609271482,False
add B4,B1246/S35678,0.1,7,22261037,0.8991018211920532,0.916875,0.017579166666666667,0.0,0.101476450853956,False
add B5,B1256/S35678,0.1,7,22261037,0.9165935430463575,0.936875,0.018804166666666663,0.0,0.11577030324154718,False
remove B6,B12/S35678,0.1,7,22261037,0.41209023178807946,0.419375,0.39689583333333334,0.39362500000000006,0.004895651795050359,False
add B7,B1267/S35678,0.1,7,22261037,0.9099048013245037,0.976875,0.04612916666666667,0.0,0.3336888942140114,False
add B8,B1268/S35678,0.1,7,22261037,0.851846026490066,0.975,0.08420000000000001,0.0,0.5012301760195192,False
add S0,B126/S035678,0.1,7,22261037,0.8649461920529805,0.945625,0.056170833333333337,0.0,0.366758561345416,False
add S1,B126/S135678,0.1,7,22261037,0.8822185430463575,0.954375,0.0468625,0.0,0.34374128616242583,False
add S2,B126/S235678,0.1,7,22261037,0.8615811258278143,0.955625,0.05059583333333333,0.0,0.41086648222377115,False
remove S3,B126/S5678,0.1,7,22261037,0.3809064569536424,0.389375,0.5387791666666667,0.5385624999999999,0.003137308295573313,False
add S4,B126/S345678,0.1,7,22261037,0.8007367549668877,0.81125,0.007774999999999999,0.0,0.06109108138724224,False
remove S5,B126/S3678,0.1,7,22261037,0.386432119205298,0.384375,0.5196708333333333,0.5211666666666667,0.007299690658766221,False
remove S6,B126/S3578,0.1,7,22261037,0.3974172185430463,0.41375,0.4667416666666666,0.4697708333333334,0.005103476821191814,False
remove S7,B126/S3568,0.1,7,22261037,0.4220653973509934,0.41125,0.42227499999999996,0.426375,0.00853357005925358,False
remove S8,B126/S3567,0.1,7,22261037,0.4519950331125829,0.461875,0.3825291666666667,0.38912499999999994,-0.0022112452073895245,False
original,B126/S35678,0.1,8,22261038,0.8018832781456954,0.96875,0.11530833333333332,0.0,0.5788328903799227,False
add B0,B0126/S35678,0.1,8,22261038,0.9026158940397349,0.909375,0.007429166666666667,0.0,0.03959197455559391,False
remove B1,B26/S35678,0.1,8,22261038,0.30463990066225166,0.31,0.40661666666666674,0.40885416666666674,0.032024660160334395,False
remove B2,B16/S35678,0.1,8,22261038,0.2688990066225166,0.28,0.36754166666666666,0.37179166666666674,-0.003117375392122898,False
add B3,B1236/S35678,0.1,8,22261038,0.8915562913907281,0.913125,0.0219375,0.0025000000000000005,0.12015096723597014,False
add B4,B1246/S35678,0.1,8,22261038,0.8940480132450327,0.9125,0.01825,0.0,0.10520390379923322,False
add B5,B1256/S35678,0.1,8,22261038,0.9062582781456952,0.925625,0.01845416666666667,0.0,0.11040050975949782,False
remove B6,B12/S35678,0.1,8,22261038,0.4110885761589404,0.428125,0.39712083333333337,0.3959999999999999,0.0053446322760546,False
add B7,B1267/S35678,0.1,8,22261038,0.9205215231788081,0.98125,0.04111666666666667,0.0,0.3052400662251649,False
add B8,B1268/S35678,0.1,8,22261038,0.8848344370860932,0.9625,0.05448333333333333,0.0,0.36427871209480617,False
add S0,B126/S035678,0.1,8,22261038,0.8810389072847679,0.958125,0.050262499999999995,0.0,0.3458479653189254,False
add S1,B126/S135678,0.1,8,22261038,0.8794495033112587,0.94625,0.043500000000000004,0.0,0.31825233095155014,False
add S2,B126/S235678,0.1,8,22261038,0.8415562913907287,0.94875,0.059491666666666665,0.0,0.44200396479609566,False
remove S3,B126/S5678,0.1,8,22261038,0.37883692052980134,0.3675,0.5393666666666665,0.5443541666666666,0.0008718194492854841,False
add S4,B126/S345678,0.1,8,22261038,0.7951903973509933,0.805,0.007308333333333333,0.0,0.0570734576507482,False
remove S5,B126/S3678,0.1,8,22261038,0.387408940397351,0.378125,0.5202958333333334,0.5173125000000002,0.004665279714185976,False
remove S6,B126/S3578,0.1,8,22261038,0.3985182119205298,0.400625,0.46557083333333327,0.4679583333333333,0.0122959872777969,False
remove S7,B126/S3568,0.1,8,22261038,0.4220943708609272,0.42,0.4210666666666667,0.41704166666666664,0.011487560996862671,False
remove S8,B126/S3567,0.1,8,22261038,0.45052152317880795,0.488125,0.3837541666666667,0.38156249999999997,0.01112157981875187,False
original,B126/S35678,0.1,9,22261039,0.828671357615894,0.968125,0.09716250000000001,0.0,0.545508016730568,False
add B0,B0126/S35678,0.1,9,22261039,0.9098509933774838,0.91625,0.007091666666666665,0.0,0.0376130620425227,False
remove B1,B26/S35678,0.1,9,22261039,0.30523178807947016,0.3325,0.40642500000000004,0.41268750000000004,0.03158417567096534,False
remove B2,B16/S35678,0.1,9,22261039,0.26998344370860927,0.26875,0.368925,0.3704583333333334,-0.001493987452074126,False
add B3,B1236/S35678,0.1,9,22261039,0.8793501655629142,0.900625,0.021345833333333328,0.0012500000000000002,0.11643658504705542,False
add B4,B1246/S35678,0.1,9,22261039,0.8931663907284766,0.91125,0.01765833333333333,0.0,0.10345863105611712,False
add B5,B1256/S35678,0.1,9,22261039,0.9074544701986751,0.928125,0.01957916666666667,0.0,0.11771849947716843,False
remove B6,B12/S35678,0.1,9,22261039,0.41097268211920535,0.438125,0.39859583333333337,0.39741666666666664,0.0109725731962356,False
add B7,B1267/S35678,0.1,9,22261039,0.9092218543046359,0.976875,0.045704166666666664,0.0,0.3343682467758804,False
add B8,B1268/S35678,0.1,9,22261039,0.822520695364238,0.96,0.09756666666666666,0.0,0.5436924886720107,False
add S0,B126/S035678,0.1,9,22261039,0.8905877483443712,0.96125,0.045725,0.0,0.32721298797490417,False
add S1,B126/S135678,0.1,9,22261039,0.8596688741721851,0.92875,0.04829166666666667,0.0,0.32863672011153694,False
add S2,B126/S235678,0.1,9,22261039,0.8191597682119202,0.959375,0.07407083333333332,0.0,0.5363467235970721,False
remove S3,B126/S5678,0.1,9,22261039,0.38293046357615895,0.38125,0.5341,0.5330833333333334,0.003959458870686436,False
add S4,B126/S345678,0.1,9,22261039,0.8276572847682121,0.839375,0.0075375,0.0,0.0678336310561164,False
remove S5,B126/S3678,0.1,9,22261039,0.386444536423841,0.371875,0.5206875000000001,0.5174375,0.006053720808644045,False
remove S6,B126/S3578,0.1,9,22261039,0.396001655629139,0.39625,0.4672166666666667,0.46539583333333323,0.008075766817706305,False
remove S7,B126/S3568,0.1,9,22261039,0.4217259933774834,0.433125,0.4207208333333333,0.4232708333333334,0.005255097594980409,False
remove S8,B126/S3567,0.1,9,22261039,0.45186672185430465,0.4475,0.38319166666666665,0.3761458333333333,0.021728498605785587,False
original,B126/S35678,0.1,10,22261040,0.8123220198675497,0.951875,0.09969166666666666,0.0,0.5349282197629833,False
add B0,B0126/S35678,0.1,10,22261040,0.9114362582781461,0.9175,0.006862500000000001,0.0,0.03575897525270088,False
remove B1,B26/S35678,0.1,10,22261040,0.30401903973509936,0.319375,0.4077583333333333,0.413625,0.03335657023353069,False
remove B2,B16/S35678,0.1,10,22261040,0.27015314569536425,0.28125,0.36927916666666666,0.3684791666666667,0.007148723422795238,False
add B3,B1236/S35678,0.1,10,22261040,0.8744205298013242,0.898125,0.022358333333333334,0.0,0.1325953075984663,False
add B4,B1246/S35678,0.1,10,22261040,0.8956208609271525,0.916875,0.020091666666666667,0.0,0.12058164865806867,False
add B5,B1256/S35678,0.1,10,22261040,0.9091432119205295,0.929375,0.01809166666666667,0.0,0.11555038776577152,False
remove B6,B12/S35678,0.1,10,22261040,0.41323675496688744,0.41375,0.39526250000000007,0.3931666666666666,0.0075673143952592345,False
add B7,B1267/S35678,0.1,10,22261040,0.9041556291390731,0.966875,0.043225,0.0,0.31769126873475034,False
add B8,B1268/S35678,0.1,10,22261040,0.8595074503311257,0.9725,0.0772125,0.0012500000000000002,0.4643706430812124,False
add S0,B126/S035678,0.1,10,22261040,0.8757615894039735,0.95125,0.05160416666666667,0.0,0.3497646174625301,False
add S1,B126/S135678,0.1,10,22261040,0.8516142384105962,0.963125,0.070925,0.0,0.4702155585569886,False
add S2,B126/S235678,0.1,10,22261040,0.8513990066225168,0.948125,0.05410833333333333,0.0,0.43354195712791865,False
remove S3,B126/S5678,0.1,10,22261040,0.38149834437086094,0.366875,0.5360999999999999,0.5379166666666667,0.008198305158591723,False
add S4,B126/S345678,0.1,10,22261040,0.8309519867549668,0.84375,0.007962499999999999,0.0,0.0740928895085398,False
remove S5,B126/S3678,0.1,10,22261040,0.3851158940397351,0.368125,0.519775,0.5202708333333335,0.009057707389334101,False
remove S6,B126/S3578,0.1,10,22261040,0.39711506622516557,0.38875,0.4655791666666666,0.4682708333333333,0.007400008713837002,False
remove S7,B126/S3568,0.1,10,22261040,0.42273178807947015,0.440625,0.42002500000000004,0.4192291666666667,0.017004400487974924,False
remove S8,B126/S3567,0.1,10,22261040,0.45377897350993374,0.46875,0.3799625,0.3775416666666666,0.012728302544440259,False
original,B126/S35678,0.1,11,22261041,0.8207657284768213,0.9675,0.10328333333333334,0.0006250000000000001,0.5931365458347851,False
add B0,B0126/S35678,0.1,11,22261041,0.904697847682119,0.91125,0.007358333333333335,0.0,0.038453511676541784,False
remove B1,B26/S35678,0.1,11,22261041,0.30226821192052983,0.321875,0.40519583333333337,0.4120625,0.03818817532241184,False
remove B2,B16/S35678,0.1,11,22261041,0.2701076158940397,0.274375,0.3676625,0.3706458333333333,0.005091386371557905,False
add B3,B1236/S35678,0.1,11,22261041,0.8860264900662249,0.910625,0.025954166666666667,0.0037500000000000007,0.1345140946322753,False
add B4,B1246/S35678,0.1,11,22261041,0.8909850993377483,0.91,0.018841666666666666,0.0,0.10865098902056437,False
add B5,B1256/S35678,0.1,11,22261041,0.9035264900662249,0.92625,0.021275000000000002,0.0,0.1290400618682463,False
remove B6,B12/S35678,0.1,11,22261041,0.407760761589404,0.4125,0.4011,0.39912500000000006,0.01708413210177746,False
add B7,B1267/S35678,0.1,11,22261041,0.8909892384105957,0.973125,0.0557375,0.0,0.39234456692227193,False
add B8,B1268/S35678,0.1,11,22261041,0.8427855960264901,0.970625,0.08992916666666666,0.0029166666666666672,0.531434079818752,False
add S0,B126/S035678,0.1,11,22261041,0.8753559602649004,0.941875,0.04532083333333334,0.0,0.3177527012896477,False
add S1,B126/S135678,0.1,11,22261041,0.8722268211920526,0.973125,0.06199583333333334,0.0,0.4328554156500516,False
add S2,B126/S235678,0.1,11,22261041,0.8127690397350996,0.963125,0.07977916666666666,0.0,0.5697251873475073,False
remove S3,B126/S5678,0.1,11,22261041,0.3804097682119205,0.371875,0.5364374999999999,0.5332083333333333,0.0038261371558031784,False
add S4,B126/S345678,0.1,11,22261041,0.8138245033112584,0.826875,0.009354166666666667,0.0012500000000000002,0.07187935691878618,False
remove S5,B126/S3678,0.1,11,22261041,0.38718956953642386,0.395625,0.5190125000000001,0.5172916666666666,0.010777818926454831,False
remove S6,B126/S3578,0.1,11,22261041,0.39713162251655626,0.406875,0.4655375,0.4650416666666667,0.012966517079121179,False
remove S7,B126/S3568,0.1,11,22261041,0.4212458609271523,0.448125,0.4207458333333334,0.4188125,0.013242636807249561,False
remove S8,B126/S3567,0.1,11,22261041,0.4503435430463577,0.4625,0.38375,0.37291666666666673,0.02995065789473659,False
original,B126/S35678,0.3,0,22261230,0.8243874172185428,0.95875,0.0969375,0.0,0.5219407894736843,False
add B0,B0126/S35678,0.3,0,22261230,0.8793253311258276,0.925,0.03735416666666667,0.0006250000000000001,0.234426629487626,False
remove B1,B26/S35678,0.3,0,22261230,0.3111754966887417,0.314375,0.410625,0.41689583333333335,-0.007210809515510987,False
remove B2,B16/S35678,0.3,0,22261230,0.2703394039735099,0.27625,0.36767083333333334,0.37004166666666666,0.00014769954688026394,False
add B3,B1236/S35678,0.3,0,22261230,0.8867259933774838,0.90125,0.02010416666666667,0.005000000000000001,0.08251601167654166,False
add B4,B1246/S35678,0.3,0,22261230,0.8999461920529803,0.91625,0.017654166666666665,0.0,0.0926909419658408,False
add B5,B1256/S35678,0.3,0,22261230,0.9036589403973513,0.920625,0.018758333333333325,0.0012500000000000002,0.09693567009410925,False
remove B6,B12/S35678,0.3,0,22261230,0.41343956953642386,0.42125,0.39877916666666663,0.401375,0.0008946932729170771,False
add B7,B1267/S35678,0.3,0,22261230,0.8995778145695364,0.965,0.04582083333333333,0.0,0.3235165780759849,False
add B8,B1268/S35678,0.3,0,22261230,0.8391059602649004,0.973125,0.09286666666666665,0.0,0.5350370338096891,False
add S0,B126/S035678,0.3,0,22261230,0.8759147350993376,0.95625,0.0553125,0.0,0.3720084306378526,False
add S1,B126/S135678,0.3,0,22261230,0.8614486754966885,0.944375,0.05607500000000001,0.0,0.37801509672359607,False
add S2,B126/S235678,0.3,0,22261230,0.860674668874172,0.940625,0.04581666666666667,0.0,0.3617668394911116,False
remove S3,B126/S5678,0.3,0,22261230,0.38216473509933774,0.38125,0.5382791666666666,0.5393125,0.00477376699198296,False
add S4,B126/S345678,0.3,0,22261230,0.8147599337748348,0.825625,0.009091666666666665,0.0012500000000000002,0.06257722638549908,False
remove S5,B126/S3678,0.3,0,22261230,0.3873675496688741,0.410625,0.5187916666666667,0.5190416666666666,-0.0009616808992686528,False
remove S6,B126/S3578,0.3,0,22261230,0.3980960264900663,0.381875,0.4664166666666667,0.4677708333333333,0.0022824808295570037,False
remove S7,B126/S3568,0.3,0,22261230,0.424544701986755,0.421875,0.4195583333333333,0.42039583333333325,0.0039597856395952894,False
remove S8,B126/S3567,0.3,0,22261230,0.4530298013245033,0.449375,0.3828666666666667,0.3769583333333333,0.0133122385848724,False
original,B126/S35678,0.3,1,22261231,0.7886051324503309,0.958125,0.12239166666666668,0.0,0.6110781195538512,False
add B0,B0126/S35678,0.3,1,22261231,0.896754966887417,0.939375,0.03188333333333333,0.0,0.22171564569536387,False
remove B1,B26/S35678,0.3,1,22261231,0.310273178807947,0.308125,0.4125083333333333,0.4121041666666667,-0.0016299233182294904,False
remove B2,B16/S35678,0.3,1,22261231,0.2684809602649006,0.281875,0.36946666666666667,0.37075,0.004120229173927887,False
add B3,B1236/S35678,0.3,1,22261231,0.8889445364238411,0.905625,0.017108333333333333,0.0,0.0934385892296966,False
add B4,B1246/S35678,0.3,1,22261231,0.885496688741722,0.900625,0.017208333333333332,0.0,0.08645651795050485,False
add B5,B1256/S35678,0.3,1,22261231,0.9156539735099338,0.935625,0.019716666666666664,0.0,0.11325679679330726,False
remove B6,B12/S35678,0.3,1,22261231,0.41171357615894044,0.413125,0.3985416666666667,0.399875,-0.0033640859184384995,False
add B7,B1267/S35678,0.3,1,22261231,0.8722847682119207,0.96375,0.06663750000000002,0.0006250000000000001,0.4243956953642379,False
add B8,B1268/S35678,0.3,1,22261231,0.853062913907285,0.979375,0.08495,0.0,0.5232792349250605,False
add S0,B126/S035678,0.3,1,22261231,0.8337541390728472,0.945,0.08030416666666668,0.0,0.45860545921923956,False
add S1,B126/S135678,0.3,1,22261231,0.8606995033112586,0.931875,0.04960833333333334,0.0,0.3404546444754265,False
add S2,B126/S235678,0.3,1,22261231,0.8474668874172183,0.941875,0.05370833333333332,0.0,0.41873899878006215,False
remove S3,B126/S5678,0.3,1,22261231,0.3844743377483444,0.381875,0.535525,0.5345416666666668,-0.004523788776577202,False
add S4,B126/S345678,0.3,1,22261231,0.8262789735099338,0.836875,0.0077333333333333325,0.0,0.06127635935866083,False
remove S5,B126/S3678,0.3,1,22261231,0.3883278145695364,0.390625,0.5191916666666666,0.5183541666666667,-0.0005198893342634298,False
remove S6,B126/S3578,0.3,1,22261231,0.3991390728476821,0.384375,0.4668083333333334,0.4666249999999999,0.0039244945974202155,False
remove S7,B126/S3568,0.3,1,22261231,0.4237293046357616,0.400625,0.420325,0.42,-0.001103498605786342,False
remove S8,B126/S3567,0.3,1,22261231,0.44853476821192045,0.48125,0.38585416666666666,0.386375,0.014047795399093697,False
original,B126/S35678,0.3,2,22261232,0.7378269867549668,0.955,0.1554333333333333,0.0026250000000000006,0.6357619161728825,False
add B0,B0126/S35678,0.3,2,22261232,0.88239238410596,0.944375,0.04565416666666666,0.0,0.3060315005228304,False
remove B1,B26/S35678,0.3,2,22261232,0.3093170529801324,0.28125,0.40986666666666666,0.4081666666666666,-0.0012531587661207247,False
remove B2,B16/S35678,0.3,2,22261232,0.2707533112582781,0.2875,0.3679583333333334,0.3682916666666666,0.0013041347159285606,False
add B3,B1236/S35678,0.3,2,22261232,0.8775372516556288,0.893125,0.019329166666666665,0.0025000000000000005,0.08790083652840625,False
add B4,B1246/S35678,0.3,2,22261232,0.9004139072847684,0.918125,0.019404166666666667,0.0,0.10054940745904396,False
add B5,B1256/S35678,0.3,2,22261232,0.9227110927152316,0.9425,0.019174999999999998,0.0,0.11250784245381618,False
remove B6,B12/S35678,0.3,2,22261232,0.4120364238410596,0.389375,0.3961875,0.39170833333333344,0.004185909724642145,False
add B7,B1267/S35678,0.3,2,22261232,0.8811879139072849,0.966875,0.0610875,0.0,0.4081484184384797,False
add B8,B1268/S35678,0.3,2,22261232,0.8374917218543044,0.973125,0.0943375,0.0,0.5438820146392469,False
add S0,B126/S035678,0.3,2,22261232,0.8691721854304638,0.950625,0.057237500000000004,0.0006250000000000001,0.376244662774485,False
add S1,B126/S135678,0.3,2,22261232,0.8590894039735101,0.948125,0.06044583333333333,0.0,0.4052810212617633,False
add S2,B126/S235678,0.3,2,22261232,0.8537417218543047,0.963125,0.057012499999999994,0.0,0.4412824590449631,False
remove S3,B126/S5678,0.3,2,22261232,0.37972268211920535,0.400625,0.5406041666666667,0.5423958333333333,-0.002348814918090373,False
add S4,B126/S345678,0.3,2,22261232,0.8447723509933776,0.8575,0.009349999999999999,0.0012500000000000002,0.07297632014639246,False
remove S5,B126/S3678,0.3,2,22261232,0.3877317880794702,0.388125,0.5196625,0.5176458333333332,-0.0015756796793314045,False
remove S6,B126/S3578,0.3,2,22261232,0.3985140728476821,0.394375,0.46710416666666676,0.46862500000000007,0.001208718194492295,False
remove S7,B126/S3568,0.3,2,22261232,0.4230587748344371,0.389375,0.42052083333333334,0.419,0.003522568839316635,False
remove S8,B126/S3567,0.3,2,22261232,0.4474254966887417,0.46125,0.3856083333333334,0.3806875,0.016196627744858964,False
original,B126/S35678,0.3,3,22261233,0.7644122516556292,0.965,0.14192083333333333,0.0053124999999999995,0.5716302500871383,False
add B0,B0126/S35678,0.3,3,22261233,0.881221026490066,0.926875,0.035975,0.0006250000000000001,0.23558208434994696,False
remove B1,B26/S35678,0.3,3,22261233,0.3103269867549669,0.31,0.4100791666666667,0.4057291666666666,0.0022615676193794352,False
remove B2,B16/S35678,0.3,3,22261233,0.2711216887417218,0.24125,0.36646249999999997,0.365625,0.0015028102126173476,False
add B3,B1236/S35678,0.3,3,22261233,0.8854635761589407,0.89875,0.016187499999999997,0.0012500000000000002,0.0792319841408146,False
add B4,B1246/S35678,0.3,3,22261233,0.9081001655629136,0.925625,0.018525,0.0,0.09937565353781658,False
add B5,B1256/S35678,0.3,3,22261233,0.9126283112582785,0.933125,0.020533333333333334,0.0,0.11625326768908945,False
remove B6,B12/S35678,0.3,3,22261233,0.41002483443708615,0.43,0.39901250000000005,0.40158333333333324,-0.00022154932032066152,False
add B7,B1267/S35678,0.3,3,22261233,0.9069619205298011,0.97625,0.050229166666666665,0.0012500000000000002,0.34323250697106905,False
add B8,B1268/S35678,0.3,3,22261233,0.8429677152317884,0.964375,0.08552499999999999,0.0,0.5193387286510974,False
add S0,B126/S035678,0.3,3,22261233,0.8632574503311259,0.969375,0.07188333333333334,0.0,0.45759737713488996,False
add S1,B126/S135678,0.3,3,22261233,0.8415107615894042,0.948125,0.07213333333333334,0.0,0.45743562652492137,False
add S2,B126/S235678,0.3,3,22261233,0.8254139072847679,0.944375,0.06764166666666666,0.0,0.47706953642384087,False
remove S3,B126/S5678,0.3,3,22261233,0.37843129139072845,0.399375,0.5404166666666667,0.5442291666666665,-0.004821148483792286,False
add S4,B126/S345678,0.3,3,22261233,0.8295115894039735,0.84,0.007487499999999999,0.0,0.06070843499477087,False
remove S5,B126/S3678,0.3,3,22261233,0.3875538079470198,0.406875,0.5190666666666668,0.5222083333333334,0.002386393342628106,False
remove S6,B126/S3578,0.3,3,22261233,0.3980753311258278,0.39375,0.46776249999999986,0.468875,0.0008446976298360505,False
remove S7,B126/S3568,0.3,3,22261233,0.4228187086092715,0.413125,0.4210416666666666,0.41975,0.012052544440571517,False
remove S8,B126/S3567,0.3,3,22261233,0.44948675496688745,0.45875,0.3866958333333333,0.38266666666666665,0.01518593150923647,False
original,B126/S35678,0.3,4,22261234,0.8324089403973512,0.9625,0.09275833333333333,0.0,0.5157445974207037,False
add B0,B0126/S35678,0.3,4,22261234,0.8888369205298012,0.936875,0.03544583333333333,0.0,0.24469959044963294,False
remove B1,B26/S35678,0.3,4,22261234,0.30574089403973503,0.31375,0.40967499999999996,0.40464583333333337,0.010694819623562047,False
remove B2,B16/S35678,0.3,4,22261234,0.27146937086092715,0.268125,0.36639583333333337,0.36547916666666663,0.0046865196932727405,False
add B3,B1236/S35678,0.3,4,22261234,0.889441225165563,0.903125,0.014437499999999999,0.0,0.07784779104217407,False
add B4,B1246/S35678,0.3,4,22261234,0.9006705298013247,0.91625,0.01705,0.0,0.08892198936911773,False
add B5,B1256/S35678,0.3,4,22261234,0.9142301324503314,0.931875,0.018054166666666666,0.0,0.10069972115719628,False
remove B6,B12/S35678,0.3,4,22261234,0.4113327814569536,0.41125,0.398425,0.40220833333333345,-0.006736667828511805,False
add B7,B1267/S35678,0.3,4,22261234,0.9048965231788081,0.966875,0.044270833333333336,0.0,0.31285999041477836,False
add B8,B1268/S35678,0.3,4,22261234,0.8387706953642386,0.963125,0.0890875,0.0,0.5136317096549317,False
add S0,B126/S035678,0.3,4,22261234,0.8730587748344373,0.965,0.06280833333333333,0.0,0.4111759323806193,False
add S1,B126/S135678,0.3,4,22261234,0.8751365894039731,0.959375,0.054779166666666664,0.0,0.3821617941791559,False
add S2,B126/S235678,0.3,4,22261234,0.8298758278145691,0.94375,0.061625,0.0,0.4585763767863364,False
remove S3,B126/S5678,0.3,4,22261234,0.38278145695364235,0.36125,0.538125,0.5354583333333333,0.0021632101777622416,False
add S4,B126/S345678,0.3,4,22261234,0.8217384105960264,0.831875,0.0070125,0.0,0.05846680027884188,False
remove S5,B126/S3678,0.3,4,22261234,0.38733857615894035,0.368125,0.5204125000000001,0.5191666666666667,0.000816268734750642,False
remove S6,B126/S3578,0.3,4,22261234,0.39947433774834434,0.40625,0.4667416666666666,0.4641041666666667,0.002810539386545636,False
remove S7,B126/S3568,0.3,4,22261234,0.42361341059602653,0.44625,0.42138333333333333,0.42154166666666676,0.005647220285813647,False
remove S8,B126/S3567,0.3,4,22261234,0.44813327814569537,0.4375,0.38563333333333333,0.38583333333333336,-0.000986188567445574,False
original,B126/S35678,0.3,5,22261235,0.7860057947019868,0.953125,0.12083333333333333,0.0,0.583399159114674,False
add B0,B0126/S35678,0.3,5,22261235,0.8919288079470201,0.93625,0.033154166666666665,0.0,0.22720209567793628,False
remove B1,B26/S35678,0.3,5,22261235,0.30784354304635764,0.30125,0.4094541666666667,0.4119374999999999,0.002714142558382405,False
remove B2,B16/S35678,0.3,5,22261235,0.270794701986755,0.29625,0.3661791666666666,0.36462500000000003,0.0018142209829206783,False
add B3,B1236/S35678,0.3,5,22261235,0.8981829470198678,0.915,0.017429166666666666,0.0,0.0947789952945267,False
add B4,B1246/S35678,0.3,5,22261235,0.8944453642384104,0.909375,0.016608333333333333,0.0,0.08534517689090304,False
add B5,B1256/S35678,0.3,5,22261235,0.9157822847682122,0.935,0.018837499999999997,0.0,0.10941366765423403,False
remove B6,B12/S35678,0.3,5,22261235,0.41214817880794696,0.40875,0.3975125,0.3998958333333333,0.001010369466712892,False
add B7,B1267/S35678,0.3,5,22261235,0.9082740066225167,0.983125,0.050416666666666665,0.0,0.3637366024747296,False
add B8,B1268/S35678,0.3,5,22261235,0.8398054635761587,0.973125,0.09154166666666667,0.0,0.5337057772743113,False
add S0,B126/S035678,0.3,5,22261235,0.8486465231788081,0.95,0.07137083333333333,0.0,0.44488737364935504,False
add S1,B126/S135678,0.3,5,22261235,0.8481084437086092,0.9525,0.0691875,0.0006250000000000001,0.4389274355176021,False
add S2,B126/S235678,0.3,5,22261235,0.8481456953642383,0.951875,0.05620000000000001,0.0,0.4371295529801323,False
remove S3,B126/S5678,0.3,5,22261235,0.3801490066225166,0.381875,0.53915,0.5393541666666667,0.004691421226908099,False
add S4,B126/S345678,0.3,5,22261235,0.8154635761589406,0.825625,0.009525,0.0018750000000000004,0.06054570407807539,False
remove S5,B126/S3678,0.3,5,22261235,0.3868874172185431,0.369375,0.5173916666666667,0.5171458333333333,0.005222747472987264,False
remove S6,B126/S3578,0.3,5,22261235,0.3971440397350993,0.41125,0.4680375,0.4677708333333334,0.003971222551411461,False
remove S7,B126/S3568,0.3,5,22261235,0.4232077814569537,0.441875,0.42241666666666666,0.4205625,0.010213162251655087,False
remove S8,B126/S3567,0.3,5,22261235,0.45048841059602646,0.4525,0.3842375,0.38143749999999993,0.007255576856046926,False
original,B126/S35678,0.3,6,22261236,0.8151117549668873,0.955625,0.10170416666666666,0.0,0.5451992201115373,False
add B0,B0126/S35678,0.3,6,22261236,0.9141763245033114,0.961875,0.0336375,0.0,0.24408689874520692,False
remove B1,B26/S35678,0.3,6,22261236,0.3105173841059603,0.309375,0.4073708333333333,0.41043749999999996,-0.0029683687696063776,False
remove B2,B16/S35678,0.3,6,22261236,0.27069122516556293,0.2525,0.36809166666666665,0.36614583333333334,-0.0033866329731615206,False
add B3,B1236/S35678,0.3,6,22261236,0.885289735099338,0.900625,0.0165875,0.0,0.08660715841756664,False
add B4,B1246/S35678,0.3,6,22261236,0.9018708609271525,0.918125,0.017737499999999996,0.0,0.09274878006273918,False
add B5,B1256/S35678,0.3,6,22261236,0.9121399006622518,0.930625,0.018404166666666666,0.0,0.10514279801324519,False
remove B6,B12/S35678,0.3,6,22261236,0.41274834437086094,0.396875,0.3969958333333333,0.39422916666666663,0.0015662033809687268,False
add B7,B1267/S35678,0.3,6,22261236,0.9076324503311255,0.975,0.0456,0.0,0.32533537382363165,False
add B8,B1268/S35678,0.3,6,22261236,0.8460099337748346,0.963125,0.08361249999999999,0.0,0.49907742244684544,False
add S0,B126/S035678,0.3,6,22261236,0.8697102649006625,0.94625,0.05628333333333334,0.0029166666666666672,0.3582547272568832,False
add S1,B126/S135678,0.3,6,22261236,0.8786009933774838,0.963125,0.05481250000000001,0.0,0.3921406631230389,False
add S2,B126/S235678,0.3,6,22261236,0.8491721854304639,0.945625,0.0528625,0.0,0.4207999302892998,False
remove S3,B126/S5678,0.3,6,22261236,0.38257450331125825,0.366875,0.5376208333333333,0.5432291666666667,-0.007680376437783161,False
add S4,B126/S345678,0.3,6,22261236,0.8165273178807948,0.82625,0.008125,0.0006250000000000001,0.0580518037643773,False
remove S5,B126/S3678,0.3,6,22261236,0.3876531456953642,0.418125,0.5196291666666667,0.5195,0.001556727082607049,False
remove S6,B126/S3578,0.3,6,22261236,0.3987251655629139,0.401875,0.4686958333333333,0.46575000000000005,0.007815985535029204,False
remove S7,B126/S3568,0.3,6,22261236,0.4237872516556291,0.406875,0.41985416666666664,0.41908333333333325,0.004915911467410002,False
remove S8,B126/S3567,0.3,6,22261236,0.45206125827814564,0.446875,0.3808125,0.38418749999999985,-0.001555746775880552,False
original,B126/S35678,0.3,7,22261237,0.8106746688741719,0.97125,0.1114,0.0,0.5613157894736839,False
add B0,B0126/S35678,0.3,7,22261237,0.8834850993377481,0.9275,0.033949999999999994,0.0,0.22654561693969982,False
remove B1,B26/S35678,0.3,7,22261237,0.3074751655629139,0.3,0.41114166666666674,0.40756250000000005,0.0025458565702333323,False
remove B2,B16/S35678,0.3,7,22261237,0.26905629139072845,0.2425,0.36771666666666664,0.3720625,-0.0033840188218893833,False
add B3,B1236/S35678,0.3,7,22261237,0.8869867549668876,0.90125,0.01630833333333333,0.0012500000000000002,0.08412469501568429,False
add B4,B1246/S35678,0.3,7,22261237,0.9005546357615897,0.91625,0.017016666666666666,0.0,0.08943011502265583,False
add B5,B1256/S35678,0.3,7,22261237,0.9107615894039732,0.92875,0.018016666666666667,0.0,0.10260935866155425,False
remove B6,B12/S35678,0.3,7,22261237,0.41067052980132446,0.418125,0.3990125,0.4,0.0032745512373646207,False
add B7,B1267/S35678,0.3,7,22261237,0.9115107615894038,0.970625,0.04200416666666667,0.0,0.2984945756361099,False
add B8,B1268/S35678,0.3,7,22261237,0.865579470198675,0.959375,0.06717083333333332,0.0,0.4284770390379916,False
add S0,B126/S035678,0.3,7,22261237,0.8629263245033116,0.961875,0.06814583333333334,0.0,0.4345604958173579,False
add S1,B126/S135678,0.3,7,22261237,0.8474296357615893,0.953125,0.06997083333333333,0.0,0.4397796488323456,False
add S2,B126/S235678,0.3,7,22261237,0.8237706953642386,0.94875,0.06814999999999999,0.0,0.48082149703729526,False
remove S3,B126/S5678,0.3,7,22261237,0.38212334437086093,0.374375,0.5373791666666666,0.5397916666666667,-0.0022700636110142103,False
add S4,B126/S345678,0.3,7,22261237,0.8236920529801325,0.83375,0.007666666666666666,0.0006250000000000001,0.05643331735796357,False
remove S5,B126/S3678,0.3,7,22261237,0.38785596026490066,0.39375,0.518475,0.5212291666666667,-0.00023625392122742658,False
remove S6,B126/S3578,0.3,7,22261237,0.3985471854304636,0.38375,0.46708333333333335,0.46549999999999997,0.00011534942488627442,False
remove S7,B126/S3568,0.3,7,22261237,0.42300496688741723,0.419375,0.4220041666666666,0.4223125,0.0009342323109090539,False
remove S8,B126/S3567,0.3,7,22261237,0.45182119205298027,0.4575,0.38390833333333335,0.3768958333333334,0.016394976472638243,False
original,B126/S35678,0.3,8,22261238,0.8216514900662253,0.95125,0.0927625,0.0,0.5287601298361796,False
add B0,B0126/S35678,0.3,8,22261238,0.8924793046357617,0.945625,0.039466666666666664,0.0,0.26993595329383,False
remove B1,B26/S35678,0.3,8,22261238,0.3124337748344371,0.29875,0.4092541666666667,0.41252083333333334,-0.002895172533984249,False
remove B2,B16/S35678,0.3,8,22261238,0.27031043046357617,0.278125,0.36735833333333334,0.36483333333333334,0.005449198326943159,False
add B3,B1236/S35678,0.3,8,22261238,0.888191225165563,0.904375,0.016450000000000003,0.0,0.09084175670965465,False
add B4,B1246/S35678,0.3,8,22261238,0.9059312913907285,0.9225,0.018070833333333335,0.0,0.0942502831997196,False
add B5,B1256/S35678,0.3,8,22261238,0.9157119205298015,0.933125,0.017075,0.0,0.09956125827814527,False
remove B6,B12/S35678,0.3,8,22261238,0.4101117549668874,0.393125,0.3987833333333333,0.4027291666666667,0.0005992941791562992,False
add B7,B1267/S35678,0.3,8,22261238,0.906825331125828,0.983125,0.05246666666666667,0.0,0.37283156151969266,False
add B8,B1268/S35678,0.3,8,22261238,0.8407533112582785,0.98,0.0935875,0.0,0.5452956169396999,False
add S0,B126/S035678,0.3,8,22261238,0.8561051324503315,0.964375,0.07479999999999999,0.0,0.4737907371906585,False
add S1,B126/S135678,0.3,8,22261238,0.8708733443708612,0.96375,0.05817083333333334,0.0,0.4104358008016725,False
add S2,B126/S235678,0.3,8,22261238,0.8411009933774831,0.944375,0.05843333333333334,0.0012500000000000002,0.4413219980829555,False
remove S3,B126/S5678,0.3,8,22261238,0.3812044701986755,0.3825,0.5377791666666667,0.5393125,0.016450527187173023,False
add S4,B126/S345678,0.3,8,22261238,0.799441225165563,0.809375,0.009241666666666665,0.0018750000000000004,0.05570298884628761,False
remove S5,B126/S3678,0.3,8,22261238,0.3885306291390728,0.3875,0.5186791666666667,0.517625,0.0025635020913204317,False
remove S6,B126/S3578,0.3,8,22261238,0.39999586092715234,0.4075,0.4657708333333334,0.46452083333333327,0.004801215580341246,False
remove S7,B126/S3568,0.3,8,22261238,0.4234685430463576,0.4025,0.4210958333333334,0.4164999999999999,0.0064406151969323205,False
remove S8,B126/S3567,0.3,8,22261238,0.4473551324503312,0.43375,0.3868625,0.38643749999999993,-0.0017299146043924496,False
original,B126/S35678,0.3,9,22261239,0.7742135761589403,0.955625,0.13125,0.0,0.6394851211223422,False
add B0,B0126/S35678,0.3,9,22261239,0.8975165562913909,0.94625,0.0343875,0.0,0.2455835003485526,False
remove B1,B26/S35678,0.3,9,22261239,0.3097102649006623,0.29125,0.4102875,0.40418750000000003,-0.004571497037295569,False
remove B2,B16/S35678,0.3,9,22261239,0.27170529801324506,0.253125,0.3661833333333333,0.36612500000000003,-0.0033176847333570136,False
add B3,B1236/S35678,0.3,9,22261239,0.8926490066225163,0.9075,0.0197875,0.0037500000000000007,0.08773058992680277,False
add B4,B1246/S35678,0.3,9,22261239,0.9073261589403971,0.925,0.019004166666666666,0.0,0.10032753136981483,False
add B5,B1256/S35678,0.3,9,22261239,0.9062334437086091,0.923125,0.017141666666666666,0.0,0.09667686911815872,False
remove B6,B12/S35678,0.3,9,22261239,0.4106167218543046,0.390625,0.3981333333333334,0.3944166666666666,0.0051622952248169375,False
add B7,B1267/S35678,0.3,9,22261239,0.8827566225165562,0.953125,0.051800000000000006,0.0,0.3459956648658059,False
add B8,B1268/S35678,0.3,9,22261239,0.836941225165563,0.9825,0.09921250000000001,0.0,0.5708456779365629,False
add S0,B126/S035678,0.3,9,22261239,0.8461548013245035,0.951875,0.075725,0.0,0.4683006927500869,False
add S1,B126/S135678,0.3,9,22261239,0.8591639072847685,0.945625,0.05909166666666666,0.0,0.4004010543743463,False
add S2,B126/S235678,0.3,9,22261239,0.8330918874172187,0.9475,0.0632625,0.0,0.47643985273614464,False
remove S3,B126/S5678,0.3,9,22261239,0.37977649006622516,0.355625,0.539575,0.5439375,-0.00454666260020942,False
add S4,B126/S345678,0.3,9,22261239,0.8224668874172183,0.8325,0.007445833333333334,0.0,0.05811748431509215,False
remove S5,B126/S3678,0.3,9,22261239,0.3877028145695364,0.415,0.5232291666666666,0.5273541666666666,0.0034758408853254523,False
remove S6,B126/S3578,0.3,9,22261239,0.3991100993377483,0.4125,0.4675708333333334,0.4674374999999999,0.0034961005576854077,False
remove S7,B126/S3568,0.3,9,22261239,0.4226779801324503,0.424375,0.4213416666666667,0.42020833333333335,0.0012541390728472528,False
remove S8,B126/S3567,0.3,9,22261239,0.4484933774834437,0.47375,0.3854791666666667,0.3869166666666667,0.002510565528057915,False
original,B126/S35678,0.3,10,22261240,0.8387831125827812,0.96,0.08545416666666666,0.0,0.5058983966538859,False
add B0,B0126/S35678,0.3,10,22261240,0.8857160596026493,0.930625,0.034291666666666665,0.0,0.22859021000348456,False
remove B1,B26/S35678,0.3,10,22261240,0.3089031456953643,0.3075,0.41022083333333337,0.40829166666666666,0.003630402579295694,False
remove B2,B16/S35678,0.3,10,22261240,0.27144867549668883,0.26,0.3679208333333333,0.37091666666666673,0.002597812826768821,False
add B3,B1236/S35678,0.3,10,22261240,0.8881456953642385,0.90625,0.019112499999999998,0.0,0.1015780759846627,False
add B4,B1246/S35678,0.3,10,22261240,0.899064569536424,0.91625,0.018429166666666667,0.0,0.0976862582781451,False
add B5,B1256/S35678,0.3,10,22261240,0.9183816225165561,0.93875,0.019945833333333336,0.0,0.11551378964796048,False
remove B6,B12/S35678,0.3,10,22261240,0.409478476821192,0.40125,0.3988041666666667,0.39904166666666663,0.002372669048448463,False
add B7,B1267/S35678,0.3,10,22261240,0.8881788079470195,0.960625,0.052458333333333336,0.0,0.35344403537817914,False
add B8,B1268/S35678,0.3,10,22261240,0.8619246688741723,0.965,0.07277083333333334,0.0006250000000000001,0.456188022830254,False
add S0,B126/S035678,0.3,10,22261240,0.8644826158940402,0.946875,0.058699999999999995,0.0,0.38510565528058527,False
add S1,B126/S135678,0.3,10,22261240,0.8639776490066227,0.949375,0.055233333333333336,0.0,0.38595394736842026,False
add S2,B126/S235678,0.3,10,22261240,0.8458816225165565,0.935625,0.051399999999999994,0.0,0.39029474555594235,False
remove S3,B126/S5678,0.3,10,22261240,0.3798799668874172,0.380625,0.5391166666666667,0.5445625,0.0003117375392119336,False
add S4,B126/S345678,0.3,10,22261240,0.8283981788079472,0.839375,0.008283333333333332,0.0006250000000000001,0.061640706692226176,False
remove S5,B126/S3678,0.3,10,22261240,0.3876365894039735,0.391875,0.5214416666666666,0.5214791666666667,-0.0011038253746951327,False
remove S6,B126/S3578,0.3,10,22261240,0.39908526490066226,0.413125,0.46663333333333334,0.4634791666666666,0.004219240153363225,False
remove S7,B126/S3568,0.3,10,22261240,0.4225206953642384,0.4175,0.42042916666666663,0.4203958333333333,0.0017289342976645155,False
remove S8,B126/S3567,0.3,10,22261240,0.4503849337748344,0.474375,0.38530000000000003,0.38641666666666663,0.004222181073544715,False
original,B126/S35678,0.3,11,22261241,0.7938245033112581,0.958125,0.11755416666666667,0.0012500000000000002,0.5832338140467056,False
add B0,B0126/S35678,0.3,11,22261241,0.8904842715231788,0.939375,0.036104166666666666,0.0,0.2465461615545482,False
remove B1,B26/S35678,0.3,11,22261241,0.3096357615894039,0.316875,0.4121208333333333,0.411,0.006328206692227161,False
remove B2,B16/S35678,0.3,11,22261241,0.26970612582781456,0.265625,0.36749583333333335,0.36664583333333334,-0.00238573980481015,False
add B3,B1236/S35678,0.3,11,22261241,0.8852317880794699,0.898125,0.014170833333333336,0.0,0.07354065005228216,False
add B4,B1246/S35678,0.3,11,22261241,0.897628311258278,0.91375,0.0174,0.0,0.09166390728476809,False
add B5,B1256/S35678,0.3,11,22261241,0.9189321192052982,0.936875,0.017437499999999998,0.0,0.10256949285465192,False
remove B6,B12/S35678,0.3,11,22261241,0.41114238410596027,0.419375,0.39783749999999996,0.3960833333333333,-0.0011280062739633255,False
add B7,B1267/S35678,0.3,11,22261241,0.8960844370860928,0.96875,0.052941666666666665,0.0,0.35074198326943123,False
add B8,B1268/S35678,0.3,11,22261241,0.8633153973509932,0.985625,0.08179583333333335,0.0,0.520844153014987,False
add S0,B126/S035678,0.3,11,22261241,0.8231581125827816,0.948125,0.08797083333333335,0.0,0.48902012896479574,False
add S1,B126/S135678,0.3,11,22261241,0.8690024834437083,0.955625,0.055762500000000007,0.0,0.3917034463227605,False
add S2,B126/S235678,0.3,11,22261241,0.8514031456953639,0.960625,0.056979166666666664,0.0,0.4550737408504703,False
remove S3,B126/S5678,0.3,11,22261241,0.37780629139072847,0.375625,0.5430958333333333,0.5447083333333332,-0.002330515859184911,False
add S4,B126/S345678,0.3,11,22261241,0.8352855960264898,0.84625,0.0077083333333333335,0.0,0.06337094806552741,False
remove S5,B126/S3678,0.3,11,22261241,0.3886382450331126,0.371875,0.5189791666666667,0.5172083333333334,-0.0007891469153015836,False
remove S6,B126/S3578,0.3,11,22261241,0.39705298013245033,0.394375,0.4664041666666666,0.4669583333333333,0.002923928197978104,False
remove S7,B126/S3568,0.3,11,22261241,0.4245778145695364,0.419375,0.4199375,0.4202916666666667,0.0021860840013941474,False
remove S8,B126/S3567,0.3,11,22261241,0.4516846026490066,0.448125,0.3820125,0.3795208333333333,0.0044054984315088745,False
original,B126/S35678,0.5,0,22261430,0.8224668874172186,0.95125,0.09435000000000002,0.0,0.5249016425583825,False
add B0,B0126/S35678,0.5,0,22261430,0.8790728476821195,0.9325,0.041291666666666664,0.0,0.26769823980481,False
remove B1,B26/S35678,0.5,0,22261430,0.3116680463576159,0.308125,0.4093125,0.4106666666666667,-0.019867222899965717,False
remove B2,B16/S35678,0.5,0,22261430,0.27475579470198674,0.28,0.3655583333333333,0.3688125,-0.02251307075636132,False
add B3,B1236/S35678,0.5,0,22261430,0.8957905629139069,0.9125,0.017308333333333335,0.0,0.0940287338794002,False
add B4,B1246/S35678,0.5,0,22261430,0.8947309602649005,0.9075,0.014708333333333332,0.0,0.07286619902405021,False
add B5,B1256/S35678,0.5,0,22261430,0.9151779801324506,0.931875,0.016770833333333332,0.0,0.09447281282676859,False
remove B6,B12/S35678,0.5,0,22261430,0.41098096026490066,0.410625,0.3993875,0.4012291666666667,-0.009319449285465882,False
add B7,B1267/S35678,0.5,0,22261430,0.9119743377483441,0.971875,0.04210416666666667,0.0,0.29953239369118095,False
add B8,B1268/S35678,0.5,0,22261430,0.8703435430463572,0.975625,0.07209583333333333,0.0,0.4573108008016721,False
add S0,B126/S035678,0.5,0,22261430,0.8292673841059601,0.94125,0.08095,0.0,0.4701557598466362,False
add S1,B126/S135678,0.5,0,22261430,0.8672268211920533,0.94875,0.055358333333333336,0.0,0.366644518996165,False
add S2,B126/S235678,0.5,0,22261430,0.8088120860927154,0.951875,0.07846249999999999,0.0,0.5459105960264897,False
remove S3,B126/S5678,0.5,0,22261430,0.38192880794701994,0.36625,0.5376333333333333,0.5389166666666667,-0.011862364935518005,False
add S4,B126/S345678,0.5,0,22261430,0.8477069536423842,0.855,0.0049749999999999985,0.0006250000000000001,0.04399420529801232,False
remove S5,B126/S3678,0.5,0,22261430,0.3872599337748344,0.398125,0.5200625,0.5228333333333334,-0.005490697978389817,False
remove S6,B126/S3578,0.5,0,22261430,0.4006167218543046,0.419375,0.4662041666666667,0.46812499999999996,-0.0019658417567100855,False
remove S7,B126/S3568,0.5,0,22261430,0.4254759933774835,0.419375,0.41947083333333335,0.42091666666666666,-0.007434319449286016,False
remove S8,B126/S3567,0.5,0,22261430,0.45479304635761597,0.4125,0.37935833333333335,0.38447916666666665,-0.0004290475775536391,False
original,B126/S35678,0.5,1,22261431,0.7817011589403973,0.955,0.12597916666666664,0.0,0.5843445015684904,False
add B0,B0126/S35678,0.5,1,22261431,0.894528145695364,0.941875,0.035025,0.0,0.24087933513419224,False
remove B1,B26/S35678,0.5,1,22261431,0.3121730132450331,0.303125,0.40599166666666664,0.40785416666666663,-0.033280433077727725,False
remove B2,B16/S35678,0.5,1,22261431,0.2740149006622517,0.255,0.36592083333333336,0.36577083333333327,-0.02069656239107717,False
add B3,B1236/S35678,0.5,1,22261431,0.8953476821192052,0.91375,0.02040416666666666,0.0012500000000000002,0.10626165475775427,False
add B4,B1246/S35678,0.5,1,22261431,0.9076117549668874,0.9225,0.016220833333333334,0.0,0.08447825897525185,False
add B5,B1256/S35678,0.5,1,22261431,0.9116514900662248,0.925,0.014287500000000003,0.0,0.07618388375740626,False
remove B6,B12/S35678,0.5,1,22261431,0.41059602649006616,0.415625,0.4002666666666667,0.4021458333333333,-0.008427370163820318,False
add B7,B1267/S35678,0.5,1,22261431,0.9103559602649007,0.96875,0.04204583333333333,0.0,0.2976939918089925,False
add B8,B1268/S35678,0.5,1,22261431,0.8675745033112584,0.98125,0.07595416666666667,0.0,0.48624161293133444,False
add S0,B126/S035678,0.5,1,22261431,0.8707326158940399,0.961875,0.0626,0.0,0.41332541826420294,False
add S1,B126/S135678,0.5,1,22261431,0.8429263245033111,0.925625,0.05959166666666666,0.0,0.3731838184036247,False
add S2,B126/S235678,0.5,1,22261431,0.8005132450331127,0.94875,0.07997083333333334,0.0,0.5475993377483441,False
remove S3,B126/S5678,0.5,1,22261431,0.37965231788079473,0.35125,0.5403125,0.5372083333333334,0.0024318142209827517,False
add S4,B126/S345678,0.5,1,22261431,0.8481539735099339,0.85625,0.004737499999999998,0.0006250000000000001,0.04496830341582483,False
remove S5,B126/S3678,0.5,1,22261431,0.388294701986755,0.38,0.5200708333333334,0.5206041666666666,0.0005162948762636082,False
remove S6,B126/S3578,0.5,1,22261431,0.3998592715231788,0.413125,0.4659333333333334,0.46510416666666665,-0.0017125958522133597,False
remove S7,B126/S3568,0.5,1,22261431,0.4243377483443709,0.4125,0.42001249999999996,0.41822916666666665,0.0020240066225160652,False
remove S8,B126/S3567,0.5,1,22261431,0.44999172185430464,0.460625,0.3852333333333333,0.38575000000000004,0.0037166695712789475,False
original,B126/S35678,0.5,2,22261432,0.8154884105960262,0.959375,0.10062916666666666,0.0,0.5515133757406762,False
add B0,B0126/S35678,0.5,2,22261432,0.8882574503311256,0.944375,0.04124583333333333,0.0,0.2820221549320319,False
remove B1,B26/S35678,0.5,2,22261432,0.3163162251655629,0.301875,0.4087708333333333,0.4088125,-0.01745370773788802,False
remove B2,B16/S35678,0.5,2,22261432,0.273125,0.256875,0.36622916666666666,0.3692083333333333,-0.019032981875217996,False
add B3,B1236/S35678,0.5,2,22261432,0.8827524834437088,0.90125,0.022874999999999996,0.0037500000000000007,0.10620904496340104,False
add B4,B1246/S35678,0.5,2,22261432,0.9083278145695364,0.9225,0.015491666666666666,0.0,0.08077694754269675,False
add B5,B1256/S35678,0.5,2,22261432,0.9150455298013249,0.93,0.015291666666666669,0.0,0.08533602736144878,False
remove B6,B12/S35678,0.5,2,22261432,0.4101241721854305,0.410625,0.3990625,0.4020000000000001,-0.000507472115719824,False
add B7,B1267/S35678,0.5,2,22261432,0.897822847682119,0.960625,0.04482083333333334,0.0,0.31209796531892564,False
add B8,B1268/S35678,0.5,2,22261432,0.8539817880794699,0.9725,0.082525,0.0,0.5084632058208429,False
add S0,B126/S035678,0.5,2,22261432,0.8173675496688744,0.96375,0.10006666666666666,0.0,0.550176237364935,False
add S1,B126/S135678,0.5,2,22261432,0.8601779801324502,0.955625,0.06258749999999999,0.0,0.4228000827814566,False
add S2,B126/S235678,0.5,2,22261432,0.8312044701986753,0.943125,0.06068749999999999,0.0,0.45387384541652115,False
remove S3,B126/S5678,0.5,2,22261432,0.3833650662251656,0.406875,0.5362708333333334,0.5376041666666665,-0.00853977866852604,False
add S4,B126/S345678,0.5,2,22261432,0.8372930463576158,0.845625,0.0058291666666666665,0.0012500000000000002,0.048061497908677905,False
remove S5,B126/S3678,0.5,2,22261432,0.38816639072847686,0.39125,0.5198416666666666,0.5185208333333333,-0.002500108922970115,False
remove S6,B126/S3578,0.5,2,22261432,0.3997930463576159,0.3875,0.46580000000000005,0.4662708333333333,-0.0021579818752185294,False
remove S7,B126/S3568,0.5,2,22261432,0.4237996688741722,0.420625,0.4200125,0.41702083333333323,-0.0015596680027887269,False
remove S8,B126/S3567,0.5,2,22261432,0.4546564569536423,0.47,0.3807,0.38614583333333324,0.0009365196932725882,False
original,B126/S35678,0.5,3,22261433,0.8338451986754969,0.96125,0.08897083333333333,0.0,0.5006609445799927,False
add B0,B0126/S35678,0.5,3,22261433,0.8885554635761586,0.960625,0.05026666666666666,0.0,0.34026381143255396,False
remove B1,B26/S35678,0.5,3,22261433,0.3130422185430463,0.31625,0.4092208333333333,0.4073333333333335,-0.016397917392820326,False
remove B2,B16/S35678,0.5,3,22261433,0.2723551324503311,0.2575,0.36599583333333335,0.3703958333333334,-0.014875501045660823,False
add B3,B1236/S35678,0.5,3,22261433,0.8846854304635764,0.9025,0.0184125,0.0,0.09979293743464576,False
add B4,B1246/S35678,0.5,3,22261433,0.8965852649006621,0.911875,0.01753333333333333,0.0,0.08666401620773696,False
add B5,B1256/S35678,0.5,3,22261433,0.9141846026490063,0.928125,0.014700000000000001,0.0,0.07971985012199218,False
remove B6,B12/S35678,0.5,3,22261433,0.41270281456953645,0.39875,0.39739583333333334,0.3943958333333333,-0.0002869031021269093,False
add B7,B1267/S35678,0.5,3,22261433,0.9073468543046358,0.96875,0.044304166666666665,0.0,0.3074094850121985,False
add B8,B1268/S35678,0.5,3,22261433,0.8521771523178806,0.970625,0.08026666666666665,0.0,0.47998170094109377,False
add S0,B126/S035678,0.5,3,22261433,0.8742425496688738,0.95875,0.05917083333333333,0.0,0.39429178285116717,False
add S1,B126/S135678,0.5,3,22261433,0.8427814569536421,0.9575,0.07581249999999999,0.0,0.48629193534332477,False
add S2,B126/S235678,0.5,3,22261433,0.8013658940397352,0.949375,0.08138333333333332,0.0,0.5467255576856044,False
remove S3,B126/S5678,0.5,3,22261433,0.3815811258278145,0.388125,0.5381166666666667,0.5393333333333334,-0.005223074241896304,False
add S4,B126/S345678,0.5,3,22261433,0.8513907284768212,0.86,0.0044875,0.0,0.04970906674799531,False
remove S5,B126/S3678,0.5,3,22261433,0.3870198675496689,0.37375,0.5193375,0.5192499999999999,-0.002789626176368537,False
remove S6,B126/S3578,0.5,3,22261433,0.40065397350993376,0.420625,0.4647583333333334,0.4642708333333333,-0.0036820320669227673,False
remove S7,B126/S3568,0.5,3,22261433,0.42082367549668864,0.385625,0.42191666666666666,0.4209791666666668,-0.010509214883235071,False
remove S8,B126/S3567,0.5,3,22261433,0.4560347682119205,0.47125,0.37917083333333335,0.3777916666666667,-0.00463979173928212,False
original,B126/S35678,0.5,4,22261434,0.7964362582781456,0.955,0.1160125,0.0,0.5515349424886717,False
add B0,B0126/S35678,0.5,4,22261434,0.8826365894039736,0.951875,0.04935,0.0,0.32990523701638147,False
remove B1,B26/S35678,0.5,4,22261434,0.31248758278145694,0.29625,0.40873750000000003,0.4092083333333333,-0.012952466016033745,False
remove B2,B16/S35678,0.5,4,22261434,0.27500413907284765,0.26125,0.3656708333333333,0.3681250000000001,-0.021675562042523598,False
add B3,B1236/S35678,0.5,4,22261434,0.896519039735099,0.913125,0.01891666666666666,0.0025000000000000005,0.09328108661554514,False
add B4,B1246/S35678,0.5,4,22261434,0.9064155629139075,0.920625,0.015391666666666666,0.0,0.08081354566050818,False
add B5,B1256/S35678,0.5,4,22261434,0.928236754966887,0.941875,0.0135,0.0,0.0780726080515855,False
remove B6,B12/S35678,0.5,4,22261434,0.4117342715231789,0.396875,0.3974083333333333,0.39731249999999996,0.0026922490414774338,False
add B7,B1267/S35678,0.5,4,22261434,0.8990769867549671,0.965625,0.04699166666666667,0.0,0.3256222769257574,False
add B8,B1268/S35678,0.5,4,22261434,0.8705670529801328,0.96625,0.06763749999999999,0.0,0.4249953163123033,False
add S0,B126/S035678,0.5,4,22261434,0.8782450331125828,0.969375,0.06098333333333333,0.0,0.4125836528407107,False
add S1,B126/S135678,0.5,4,22261434,0.8488245033112586,0.961875,0.07243333333333334,0.0,0.469931596375043,False
add S2,B126/S235678,0.5,4,22261434,0.8418501655629141,0.948125,0.05900000000000001,0.0,0.46234696322760493,False
remove S3,B126/S5678,0.5,4,22261434,0.38196605960264896,0.376875,0.5387666666666666,0.5446458333333334,-0.008232289125130821,False
add S4,B126/S345678,0.5,4,22261434,0.8151200331125827,0.821875,0.006083333333333332,0.0018750000000000004,0.04086114499825691,False
remove S5,B126/S3678,0.5,4,22261434,0.3877524834437086,0.393125,0.5186499999999999,0.5213958333333334,-0.006010587312652747,False
remove S6,B126/S3578,0.5,4,22261434,0.3998385761589404,0.384375,0.46575000000000005,0.46414583333333337,-0.004220220460090722,False
remove S7,B126/S3568,0.5,4,22261434,0.4256084437086093,0.445,0.41712916666666666,0.4167499999999999,-0.001677958347856617,False
remove S8,B126/S3567,0.5,4,22261434,0.45180463576158936,0.4425,0.38273749999999995,0.38233333333333336,-0.009148875914953431,False
original,B126/S35678,0.5,5,22261435,0.7762582781456954,0.97,0.13367083333333335,4.1666666666666665e-05,0.6129612887765769,False
add B0,B0126/S35678,0.5,5,22261435,0.8749213576158938,0.92875,0.04064583333333333,0.0,0.270911358487277,False
remove B1,B26/S35678,0.5,5,22261435,0.30925910596026496,0.30875,0.40694583333333334,0.4080833333333334,-0.013013245033113017,False
remove B2,B16/S35678,0.5,5,22261435,0.27156870860927146,0.256875,0.36541666666666667,0.3675,-0.018589883234576735,False
add B3,B1236/S35678,0.5,5,22261435,0.8976241721854308,0.9175,0.020029166666666664,0.0012500000000000002,0.10718575723248439,False
add B4,B1246/S35678,0.5,5,22261435,0.894644039735099,0.910625,0.01873333333333333,0.0006250000000000001,0.09229881927500856,False
add B5,B1256/S35678,0.5,5,22261435,0.9221978476821191,0.936875,0.014974999999999999,0.0,0.0840011763680723,False
remove B6,B12/S35678,0.5,5,22261435,0.4122475165562914,0.40625,0.3979458333333334,0.3973125,0.003094828337399533,False
add B7,B1267/S35678,0.5,5,22261435,0.9078104304635761,0.96875,0.0435125,0.0,0.30864761240850414,False
add B8,B1268/S35678,0.5,5,22261435,0.8396026490066222,0.973125,0.09365833333333333,0.0,0.5526874564308119,False
add S0,B126/S035678,0.5,5,22261435,0.8493046357615894,0.955625,0.07576666666666666,0.0029166666666666672,0.44782731352387567,False
add S1,B126/S135678,0.5,5,22261435,0.8341597682119202,0.955625,0.08021666666666667,0.0,0.4999688480306722,False
add S2,B126/S235678,0.5,5,22261435,0.8427483443708612,0.963125,0.06304166666666666,0.0,0.491505860055768,False
remove S3,B126/S5678,0.5,5,22261435,0.3792715231788079,0.353125,0.5389583333333333,0.5413333333333334,-0.006120381666086018,False
add S4,B126/S345678,0.5,5,22261435,0.8283940397350994,0.83625,0.0056208333333333345,0.0012500000000000002,0.045383299930288154,False
remove S5,B126/S3678,0.5,5,22261435,0.3887706953642384,0.39,0.5195875,0.5182916666666666,-0.004691094457999871,False
remove S6,B126/S3578,0.5,5,22261435,0.3987748344370861,0.390625,0.466225,0.46614583333333326,-0.0028634759498084032,False
remove S7,B126/S3568,0.5,5,22261435,0.4228932119205298,0.401875,0.41912499999999997,0.42208333333333337,-0.002747799756012463,False
remove S8,B126/S3567,0.5,5,22261435,0.4500082781456953,0.456875,0.3855166666666667,0.38602083333333337,-0.004124803938654737,False
original,B126/S35678,0.5,6,22261436,0.7972723509933771,0.959375,0.11522083333333334,0.0,0.5833360927152312,False
add B0,B0126/S35678,0.5,6,22261436,0.8795240066225167,0.9375,0.04366666666666666,0.0,0.2890960482746603,False
remove B1,B26/S35678,0.5,6,22261436,0.31271937086092716,0.2925,0.40830833333333333,0.4105208333333333,-0.023867854653189642,False
remove B2,B16/S35678,0.5,6,22261436,0.27245860927152316,0.30625,0.3662416666666667,0.3697291666666666,-0.018166063959567998,False
add B3,B1236/S35678,0.5,6,22261436,0.8823302980132448,0.8975,0.018016666666666663,0.0012500000000000002,0.08834001394213958,False
add B4,B1246/S35678,0.5,6,22261436,0.9085347682119204,0.923125,0.01592916666666666,0.0006250000000000001,0.08109195277099904,False
add B5,B1256/S35678,0.5,6,22261436,0.9251117549668872,0.93875,0.013866666666666668,0.0,0.07774747298710329,False
remove B6,B12/S35678,0.5,6,22261436,0.4130711920529801,0.43625,0.396275,0.3969791666666666,-0.001996558034158716,False
add B7,B1267/S35678,0.5,6,22261436,0.8941018211920532,0.9775,0.056133333333333334,0.0,0.389477496514464,False
add B8,B1268/S35678,0.5,6,22261436,0.826080298013245,0.9825,0.10531666666666667,0.0,0.5805516948414082,False
add S0,B126/S035678,0.5,6,22261436,0.8278104304635765,0.94625,0.08595833333333334,0.0,0.5043230437434644,False
add S1,B126/S135678,0.5,6,22261436,0.8538948675496689,0.95375,0.06574999999999999,0.0,0.4391888506448236,False
add S2,B126/S235678,0.5,6,22261436,0.869788907284768,0.958125,0.046870833333333334,0.0,0.39750196061345333,False
remove S3,B126/S5678,0.5,6,22261436,0.3824337748344371,0.36125,0.5375,0.5335625,0.0013456343673752496,False
add S4,B126/S345678,0.5,6,22261436,0.8023427152317882,0.809375,0.004062499999999999,0.0006250000000000001,0.03856853433251896,False
remove S5,B126/S3678,0.5,6,22261436,0.38753725165562913,0.4,0.518325,0.515375,-0.005077008539561024,False
remove S6,B126/S3578,0.5,6,22261436,0.3999834437086092,0.406875,0.46692916666666673,0.4686458333333333,-0.0036980437434652575,False
remove S7,B126/S3568,0.5,6,22261436,0.4225786423841059,0.4075,0.42090000000000005,0.4226458333333334,-0.00582236842105304,False
remove S8,B126/S3567,0.5,6,22261436,0.45071605960264893,0.448125,0.3831125,0.37583333333333335,0.006953969153014751,False
original,B126/S35678,0.5,7,22261437,0.8063534768211922,0.95,0.10555833333333332,0.0,0.550491242593238,False
add B0,B0126/S35678,0.5,7,22261437,0.8716059602649008,0.9375,0.049291666666666664,0.0,0.31903951725339813,False
remove B1,B26/S35678,0.5,7,22261437,0.3142549668874172,0.333125,0.4097541666666667,0.4095625,-0.021746144126873746,False
remove B2,B16/S35678,0.5,7,22261437,0.2737955298013245,0.269375,0.3662208333333334,0.36697916666666663,-0.016489739456256647,False
add B3,B1236/S35678,0.5,7,22261437,0.8993211920529802,0.91875,0.01904166666666667,0.0,0.1079484358661553,False
add B4,B1246/S35678,0.5,7,22261437,0.8923634105960268,0.905,0.01471666666666667,0.0,0.07200287556639853,False
add B5,B1256/S35678,0.5,7,22261437,0.9171564569536426,0.93,0.013216666666666666,0.0,0.07353901620773715,False
remove B6,B12/S35678,0.5,7,22261437,0.4135844370860927,0.381875,0.3956708333333333,0.39427083333333324,0.0014786293133492172,False
add B7,B1267/S35678,0.5,7,22261437,0.8882367549668873,0.955625,0.05035416666666667,0.0029166666666666672,0.33048884628790476,False
add B8,B1268/S35678,0.5,7,22261437,0.8461920529801323,0.956875,0.0782625,0.0,0.4625564220982918,False
add S0,B126/S035678,0.5,7,22261437,0.8441763245033115,0.949375,0.07491249999999999,0.0,0.4443740196932722,False
add S1,B126/S135678,0.5,7,22261437,0.844925496688742,0.94625,0.06838333333333332,0.0,0.4390016120599511,False
add S2,B126/S235678,0.5,7,22261437,0.8636796357615892,0.955625,0.04934583333333334,0.0,0.40350241808992643,False
remove S3,B126/S5678,0.5,7,22261437,0.3798013245033112,0.423125,0.5401041666666667,0.5391041666666667,0.0036643865458345116,False
add S4,B126/S345678,0.5,7,22261437,0.8446605960264902,0.8525,0.004375,0.0,0.04531010369466606,False
remove S5,B126/S3678,0.5,7,22261437,0.3883319536423841,0.3775,0.5205083333333334,0.5187708333333334,-0.0036768037643783048,False
remove S6,B126/S3578,0.5,7,22261437,0.39994205298013247,0.404375,0.4654791666666667,0.4642916666666667,-0.004198326943185938,False
remove S7,B126/S3568,0.5,7,22261437,0.4263783112582781,0.424375,0.4177791666666666,0.42152083333333334,-0.007452618508191541,False
remove S8,B126/S3567,0.5,7,22261437,0.45267384105960257,0.45125,0.38084166666666663,0.3769583333333334,0.005761262635063758,False
original,B126/S35678,0.5,8,22261438,0.786440397350993,0.959375,0.124975,0.0,0.5987122037295224,False
add B0,B0126/S35678,0.5,8,22261438,0.881742549668874,0.940625,0.04470833333333333,0.0012500000000000002,0.2944615937608914,False
remove B1,B26/S35678,0.5,8,22261438,0.31211920529801324,0.32,0.4053791666666667,0.4069375,-0.025568360055768905,False
remove B2,B16/S35678,0.5,8,22261438,0.2736672185430464,0.268125,0.3648166666666666,0.3651666666666667,-0.021838619728128523,False
add B3,B1236/S35678,0.5,8,22261438,0.879346026490066,0.89375,0.017470833333333335,0.0025000000000000005,0.08130206517950508,False
add B4,B1246/S35678,0.5,8,22261438,0.9044122516556293,0.918125,0.015233333333333335,0.0,0.07805496253049844,False
add B5,B1256/S35678,0.5,8,22261438,0.9288741721854304,0.9425,0.013845833333333332,0.0,0.07780825200418158,False
remove B6,B12/S35678,0.5,8,22261438,0.4136092715231788,0.3825,0.39490416666666667,0.39760416666666665,-0.004433927326595033,False
add B7,B1267/S35678,0.5,8,22261438,0.8764279801324506,0.951875,0.056350000000000004,0.0,0.3671529714186123,False
add B8,B1268/S35678,0.5,8,22261438,0.8406084437086089,0.975,0.09105416666666667,0.0,0.5326202509585217,False
add S0,B126/S035678,0.5,8,22261438,0.8430960264900662,0.93625,0.0701375,0.001666666666666667,0.4245829339491104,False
add S1,B126/S135678,0.5,8,22261438,0.8512500000000003,0.96375,0.0714625,0.0,0.48239946409898826,False
add S2,B126/S235678,0.5,8,22261438,0.8406456953642382,0.94375,0.05738750000000001,0.0,0.43919473248518603,False
remove S3,B126/S5678,0.5,8,22261438,0.3812127483443709,0.405,0.5373125000000001,0.5393541666666667,-0.012085221331475016,False
add S4,B126/S345678,0.5,8,22261438,0.8561879139072844,0.864375,0.004766666666666665,0.0006250000000000001,0.04553884193098611,False
remove S5,B126/S3678,0.5,8,22261438,0.3879056291390729,0.36625,0.5200458333333334,0.5189166666666666,-0.004863628441966441,False
remove S6,B126/S3578,0.5,8,22261438,0.39949089403973514,0.416875,0.4661833333333334,0.4652291666666667,-0.0014554287208093336,False
remove S7,B126/S3568,0.5,8,22261438,0.4246564569536423,0.409375,0.4178833333333334,0.41775,-0.0034934864064134576,False
remove S8,B126/S3567,0.5,8,22261438,0.45050910596026494,0.418125,0.38324166666666665,0.3840416666666667,0.004093107354478173,False
original,B126/S35678,0.5,9,22261439,0.7617425496688741,0.95625,0.14039583333333333,0.000125,0.6284795442662944,False
add B0,B0126/S35678,0.5,9,22261439,0.8845240066225163,0.940625,0.041425,0.0,0.2821518821889154,False
remove B1,B26/S35678,0.5,9,22261439,0.3147433774834437,0.30625,0.40944583333333334,0.4131458333333333,-0.027821431683513725,False
remove B2,B16/S35678,0.5,9,22261439,0.2728849337748344,0.265625,0.3660583333333333,0.3661458333333334,-0.02391294876263531,False
add B3,B1236/S35678,0.5,9,22261439,0.8959437086092715,0.914375,0.019424999999999994,0.0012500000000000002,0.09946780237016328,False
add B4,B1246/S35678,0.5,9,22261439,0.9062334437086093,0.92,0.015004166666666669,0.0,0.0784323806204244,False
add B5,B1256/S35678,0.5,9,22261439,0.9165521523178811,0.93125,0.0150125,0.0,0.08375675322411917,False
remove B6,B12/S35678,0.5,9,22261439,0.4128890728476821,0.398125,0.39633333333333337,0.3949791666666666,-0.005213924712443854,False
add B7,B1267/S35678,0.5,9,22261439,0.9041183774834438,0.961875,0.040999999999999995,0.0,0.2911285508888103,False
add B8,B1268/S35678,0.5,9,22261439,0.8173634105960268,0.976875,0.10956666666666666,0.0,0.6063197107005923,False
add S0,B126/S035678,0.5,9,22261439,0.8229925496688741,0.9375,0.0853875,0.0018750000000000004,0.4699048013245029,False
add S1,B126/S135678,0.5,9,22261439,0.8523096026490063,0.9425,0.06172916666666667,0.0,0.4025779888462877,False
add S2,B126/S235678,0.5,9,22261439,0.8470985099337749,0.95375,0.05706250000000001,0.0,0.44731722725688355,False
remove S3,B126/S5678,0.5,9,22261439,0.3808278145695364,0.415625,0.5411333333333335,0.5393541666666668,-0.007214403973510433,False
add S4,B126/S345678,0.5,9,22261439,0.8059768211920529,0.8125,0.0039125,0.0,0.03767057337051185,False
remove S5,B126/S3678,0.5,9,22261439,0.38771109271523174,0.376875,0.5191666666666667,0.5153958333333334,-0.0018910116765429726,False
remove S6,B126/S3578,0.5,9,22261439,0.40008692052980127,0.41125,0.4662875000000001,0.46618750000000003,-0.004259759498083198,False
remove S7,B126/S3568,0.5,9,22261439,0.42375413907284776,0.399375,0.42077499999999995,0.4179166666666667,-0.001475361624259811,False
remove S8,B126/S3567,0.5,9,22261439,0.44969370860927155,0.448125,0.3841583333333334,0.3870208333333334,0.00569427500871362,False
original,B126/S35678,0.5,10,22261440,0.8382036423841062,0.961875,0.08798333333333333,0.0,0.5216548666782849,False
add B0,B0126/S35678,0.5,10,22261440,0.8921109271523178,0.954375,0.04358333333333333,0.0,0.30960014377831935,False
remove B1,B26/S35678,0.5,10,22261440,0.31190811258278145,0.30625,0.40950416666666667,0.4078541666666667,-0.009892275182991142,False
remove B2,B16/S35678,0.5,10,22261440,0.270716059602649,0.2675,0.3679625,0.3679791666666666,-0.010491242593238338,False
add B3,B1236/S35678,0.5,10,22261440,0.8952400662251658,0.916875,0.021616666666666663,0.0012500000000000002,0.11684406587661163,False
add B4,B1246/S35678,0.5,10,22261440,0.8873799668874174,0.900625,0.015825000000000002,0.0,0.07554897176716541,False
add B5,B1256/S35678,0.5,10,22261440,0.914921357615894,0.929375,0.014791666666666667,0.0,0.08249934646218127,False
remove B6,B12/S35678,0.5,10,22261440,0.41171357615894044,0.42375,0.3979125,0.4004166666666666,-0.0048322586267001665,False
add B7,B1267/S35678,0.5,10,22261440,0.8640066225165564,0.954375,0.07058333333333333,0.0058333333333333345,0.41770738933426205,False
add B8,B1268/S35678,0.5,10,22261440,0.8108195364238413,0.965625,0.10788333333333334,0.0,0.5682838096897871,False
add S0,B126/S035678,0.5,10,22261440,0.8501158940397355,0.9625,0.07747083333333334,0.0,0.49454971244335966,False
add S1,B126/S135678,0.5,10,22261440,0.849834437086093,0.961875,0.07331666666666665,0.0,0.4758699677588005,False
add S2,B126/S235678,0.5,10,22261440,0.8277980132450333,0.9475,0.06670416666666666,0.0,0.4820145303241544,False
remove S3,B126/S5678,0.5,10,22261440,0.37964403973509936,0.386875,0.5412,0.5374375,0.0015560735447888428,False
add S4,B126/S345678,0.5,10,22261440,0.8453476821192053,0.854375,0.004966666666666666,0.0006250000000000001,0.05023647176716573,False
remove S5,B126/S3678,0.5,10,22261440,0.3875703642384106,0.37625,0.5214708333333333,0.5201041666666666,-0.00263441094458062,False
remove S6,B126/S3578,0.5,10,22261440,0.3996109271523179,0.391875,0.46760000000000007,0.46704166666666674,-0.003064765597769234,False
remove S7,B126/S3568,0.5,10,22261440,0.42401490066225167,0.425625,0.42040833333333333,0.42291666666666666,0.0005888375740668121,False
remove S8,B126/S3567,0.5,10,22261440,0.453385761589404,0.45125,0.3801958333333333,0.37775,0.010198130881839532,False
original,B126/S35678,0.5,11,22261441,0.7994081125827814,0.95375,0.11282500000000001,0.0,0.5454991939700243,False
add B0,B0126/S35678,0.5,11,22261441,0.8856912251655626,0.929375,0.036687500000000005,0.0029166666666666672,0.22744488497734366,False
remove B1,B26/S35678,0.5,11,22261441,0.31161423841059605,0.309375,0.40800416666666667,0.4086666666666667,-0.015055550714534733,False
remove B2,B16/S35678,0.5,11,22261441,0.2711175496688742,0.28125,0.36645833333333333,0.3681666666666667,-0.011470895782502911,False
add B3,B1236/S35678,0.5,11,22261441,0.8903187086092712,0.90875,0.018733333333333334,0.0,0.10283515597769201,False
add B4,B1246/S35678,0.5,11,22261441,0.899263245033113,0.915625,0.017904166666666665,0.0,0.0925827814569523,False
add B5,B1256/S35678,0.5,11,22261441,0.9216721854304633,0.94,0.01838333333333333,0.0,0.10356090972464202,False
remove B6,B12/S35678,0.5,11,22261441,0.4128187086092715,0.4325,0.3967166666666666,0.39856250000000004,-0.0006822934820501776,False
add B7,B1267/S35678,0.5,11,22261441,0.9092052980132448,0.97,0.043008333333333336,0.0006250000000000001,0.3087338794004878,False
add B8,B1268/S35678,0.5,11,22261441,0.8659975165562915,0.98125,0.07775833333333333,0.0,0.49016545399093686,False
add S0,B126/S035678,0.5,11,22261441,0.8491142384105956,0.945,0.06944166666666668,0.001666666666666667,0.4075095852213308,False
add S1,B126/S135678,0.5,11,22261441,0.8517259933774834,0.9525,0.06638333333333334,0.0,0.4379275226559776,False
add S2,B126/S235678,0.5,11,22261441,0.8078766556291392,0.9675,0.08297500000000001,0.0,0.5836308382711743,False
remove S3,B126/S5678,0.5,11,22261441,0.3795943708609271,0.414375,0.5414958333333333,0.5448125,-0.0033647394562569557,False
add S4,B126/S345678,0.5,11,22261441,0.846879139072848,0.85625,0.006100000000000001,0.0012500000000000002,0.05400836528407036,False
remove S5,B126/S3678,0.5,11,22261441,0.38936672185430454,0.3525,0.5209333333333334,0.5218958333333333,-0.003239913733008503,False
remove S6,B126/S3578,0.5,11,22261441,0.3989776490066225,0.3825,0.46629999999999994,0.46766666666666673,-0.0055436345416523345,False
remove S7,B126/S3568,0.5,11,22261441,0.4257450331125828,0.4375,0.41735833333333333,0.4180208333333334,0.003775814743812986,False
remove S8,B126/S3567,0.5,11,22261441,0.4528352649006622,0.4725,0.3808166666666667,0.38387499999999997,0.006668046357616027,False
